,x,y,cluster
0,3715.5842563295205,30.71478291798882,2
1,29818.579388971048,-17.036943240294438,0
2,-31744.41746595948,16.420804045972524,1
3,50610.58167440993,3.7896682284260432,0
4,28076.582638931177,14.143741657697577,0
5,23893.580755127914,-3.395291629008039,0
6,35540.58259701265,13.362278949954788,0
7,72666.58051448182,-8.520679793463033,3
8,30636.583443364572,21.906149148673986,0
9,53691.57987639386,-13.534823708680666,0
10,-12485.420080140137,-9.602275450142027,2
11,6641.5797076947965,-12.604178268801206,2
12,-12267.420374669988,-12.630641054058808,2
13,-31580.416310999946,27.429822753696712,1
14,-18055.419724154155,-6.024795451870969,2
15,-32526.419245766538,-0.5009498878629758,1
16,4595.58276033644,16.6058877855068,2
17,36479.579665642435,-14.754952310179549,0
18,140997.58108406674,-6.665666316664298,3
19,23702.580355409158,-7.417375348879396,0
20,-2177.417714889602,12.314500717540959,2
21,26556.58170475344,5.308711441792755,0
22,-31150.41757404146,15.359261404510166,1
23,13963.581785943179,6.623425672921534,0
24,-17287.419924941587,-8.102068236862488,2
25,-49045.418730493715,5.240597152814965,1
26,-52690.41839674992,8.611219865089542,1
27,42070.581408291175,1.7044040437356653,0
28,-1647.419184310453,-1.7319209356966494,2
29,54927.583528801704,21.363086215964653,0
30,38691.58079766901,-3.9656686903077296,0
31,-823.4199258345972,-8.84697172345118,2
32,41790.580159545476,-10.314239730254936,0
33,-33349.41661530314,24.61697592191342,1
34,34614.58051517696,-6.550070848183947,0
35,-16449.42006943652,-9.198314146770644,2
36,22430.580373019096,-7.287942376372815,0
37,6721.581082926518,0.3899218940632862,2
38,-1678.4188698982853,1.2693815330021128,2
39,-28412.42008513023,-8.956527141258231,1
40,42374.58015720013,-10.379256241845079,0
41,9966.579901064842,-10.9480112864207,2
42,12703.581760686226,6.770444778672073,2
43,34149.57956622504,-15.482359675187471,0
44,21380.58318902383,19.867848864402664,0
45,17432.580821164745,-2.7524525336892727,0
46,19227.581211717425,1.0830209146126035,0
47,-55533.42005927126,-7.086343286877488,1
48,9545.581254691735,2.104318317481359,2
49,1876.5801534395794,-8.107885193734514,2
50,-36423.419538276554,-3.1096756373443606,1
51,59241.58007293971,-12.148932601566043,0
52,-28896.419967199752,-7.910243577409939,1
53,-3796.4195006201194,-4.534554360444432,2
54,14875.583135727658,19.556577500557268,0
55,-62696.41970496296,-3.357013065251827,1
56,81620.58225534396,7.527104547975974,3
57,62702.580136539334,-11.481905455818504,0
58,31312.579486261064,-16.197882264822717,0
59,-5714.420339059472,-12.302271828817181,2
60,-13999.419838661284,-7.446961585681144,2
61,2686.582467285759,13.803956270125468,2
62,45455.58339437229,20.34471927822102,0
63,106430.57927279102,-22.078652453442633,3
64,-2582.4200205440375,-9.643485608872014,2
65,27160.582120345418,9.242883230971042,0
66,-9885.419675757892,-5.877080022787773,2
67,18825.579432327773,-15.872936237894004,0
68,-13976.41879036529,2.5532099791919687,2
69,-10935.42006791256,-9.772041381535477,2
70,48147.58011353558,-10.957384517485114,0
71,-47251.417693108764,15.046292514158464,1
72,20903.582491590358,12.884674992582474,0
73,15004.581433683394,3.55015417187029,0
74,19933.58134483172,1.993356547281856,0
75,36344.5839797369,26.29163795589573,0
76,4232.580782666909,-2.347542682953828,2
77,34531.58240365351,11.46547189739598,0
78,30742.581135647368,-0.11495620235034441,0
79,5445.579517937379,-14.47582501440274,2
80,38291.5816494727,4.095018401995578,0
81,15183.58208286335,9.497493818211064,0
82,-36162.420063314596,-8.115087751535807,1
83,-20744.41658486445,24.281976600351832,2
84,-27248.41717697138,18.948140587828902,1
85,12828.580218545108,-8.266538581171492,2
86,-10890.419858673238,-7.778048209897846,2
87,120113.58149356654,-1.4884228381997826,3
88,28067.580248015864,-8.885090365342357,0
89,-27981.4196581004,-5.007985015667857,1
90,-10349.416831026694,21.164907559379223,2
91,-4350.417074209691,18.5381222380099,2
92,-49884.41904353633,2.315742918738729,1
93,7723.57929294248,-16.737287875033235,2
94,44275.58266316836,13.443355560067717,0
95,147385.58249628497,6.682453977577533,3
96,14115.583555463532,23.61891812693377,0
97,13839.58073917935,-3.3571146404490904,0
98,-801.4189795696234,0.17820947751359884,2
99,74510.58061933803,-7.718132186692073,3
100,-27582.41832826679,7.981177687831477,1
101,-10508.420196147052,-10.827290198863686,2
102,-25768.420099821313,-9.214672172809243,1
103,-5611.4190573022315,-0.3175474628981166,2
104,-13678.41995567633,-8.476179444630977,2
105,123761.5806569778,-9.87653566158656,3
106,62153.58100297416,-3.4263273954266467,0
107,31921.580424462754,-7.282274789517364,0
108,44192.58012528097,-10.539563259904407,0
109,19565.580789870157,-2.9588327875381184,0
110,3248.5804729901456,-5.2516339082674905,2
111,-13749.42027206718,-11.472384620804473,2
112,477.58017067043687,-7.979957861461694,2
113,41490.57961672554,-15.253431815780369,0
114,13157.58083632435,-2.291673064366082,2
115,10887.582106990098,9.947274604982633,2
116,68941.57999768894,-13.138339041331651,3
117,-11855.419853253707,-7.677015048995947,2
118,32584.579467716685,-16.323442110160613,0
119,59540.58069197976,-6.1561239250848026,0
120,-16301.420037776594,-9.210234188375269,2
121,45978.58130346442,0.28453581953401985,0
122,-54836.41995859752,-6.17864057567653,1
123,14799.583754164358,25.5643905482667,0
124,-4851.419892588833,-8.410316871749227,2
125,-16661.41952264882,-4.1907146699064635,2
126,-49252.41831131202,9.250621879861269,1
127,-21888.419482827227,-3.647202784066183,2
128,23024.58069899623,-4.326377348013965,0
129,2863.580252642517,-7.211869420029571,2
130,55759.57945277598,-17.75419849841396,0
131,28294.580130594266,-9.900593524973482,0
132,-43419.4197084784,-4.37591595776011,1
133,-4414.417807072421,11.549356913916196,2
134,73773.57901643707,-22.630792788980227,3
135,-11643.418702238067,3.2936641589612927,2
136,83768.57960955497,-17.70729142211643,3
137,5048.584111764257,29.59096892772466,2
138,2154.5808990831774,-1.130628838612275,2
139,-12703.418096467787,9.44917145329642,2
140,-31046.41977525695,-5.6470818466059285,1
141,55102.58008587634,-11.693171630426946,0
142,23377.579960117273,-11.392115577442281,0
143,-19769.420343162175,-11.86013285374116,2
144,-13548.42026272975,-11.49717117784038,2
145,19710.58027308258,-7.998774906511581,0
146,-14493.418598744373,4.63220323663426,2
147,6870.58253822565,14.387671596962939,2
148,12943.58010159465,-9.28899097184602,2
149,31428.58189735014,6.793587069521738,0
150,-1028.418360284895,6.201831859208717,2
151,-12170.418695761933,3.3634784381003793,2
152,32331.579573725707,-15.316276701698717,0
153,93249.5797659587,-16.6825492186575,3
154,87146.58054837305,-9.041090757838623,3
155,-25599.42051975452,-13.229775188285116,1
156,3201.5822549014238,11.751332455891918,2
157,-48739.417786788654,14.226987445857517,1
158,25574.581092258577,-0.5883315704408132,0
159,-45611.41895927143,2.8823611140501724,1
160,8834.580966313686,-0.8306563654405125,2
161,-19801.41950485641,-3.8432889215024555,2
162,6878.580987765031,-0.6296102509060546,2
163,104043.584018517,23.201125879050135,3
164,3490.5810067923608,-0.2748948632007279,2
165,20161.58048004177,-6.047288950755996,0
166,-16678.419197691142,-1.1759449519570218,2
167,26732.579196810275,-18.712551083121014,0
168,4213.57983654296,-11.354362617084211,2
169,-5585.419466931013,-4.330477865563837,2
170,-25509.41916551149,-0.2292373126872423,1
171,-25795.41989017763,-7.2131407756949955,1
172,32076.580644642894,-5.2887384630998975,0
173,-12055.419241070425,-1.6378385010542629,2
174,-7439.419993424539,-9.153644841491047,2
175,90274.58229071365,7.64656405405372,3
176,352.581634668666,6.081501726459995,2
177,10772.582641832325,14.952333888384286,2
178,12619.580429053045,-6.2646275847761554,2
179,-3620.4159328951296,29.491624461928787,2
180,56336.5798710711,-13.81161801444866,0
181,47808.58012939165,-10.923925650381788,0
182,-43234.41834414475,8.62960866342724,1
183,55690.58218007653,8.250823604174458,0
184,-14749.418901236331,1.6385312684563076,2
185,-23169.41938135325,-2.5099905636007422,2
186,93409.58448691426,28.334306731846908,3
187,-46429.415389638365,36.979295310915276,1
188,-21966.420548072547,-13.600817277645872,2
189,12606.58062737526,-4.238271122748526,2
190,96696.58238016776,7.9473884537934225,3
191,-4429.419190553452,-1.4292944634234894,2
192,14347.580945818418,-1.4115964465291615,0
193,-14520.419636709512,-5.389967241744196,2
194,7395.579409996845,-15.707337133050958,2
195,26671.580674997884,-4.722848064473188,0
196,-18257.419733485967,-5.999904197259,2
197,-692.4199368786965,-8.838269402105983,2
198,3259.5810080896786,-0.2507097231299101,2
199,54268.58114057191,-1.6067491789535937,0
200,16512.582588663412,14.358854490270113,0
201,-55139.419639948384,-3.1246031464924586,1
202,8909.57991475793,-10.86534551256377,2
203,-32479.42037381824,-11.504521723450257,1
204,-46288.41853648525,6.950650498166631,1
205,101339.58067815588,-8.528358892356529,3
206,-8076.418215956635,7.939092656589078,2
207,-17543.41992621325,-8.09952287718593,2
208,-8086.420532678628,-14.047051880720266,2
209,36985.58280885571,15.2059531708556,0
210,-5119.419259091133,-2.371505577129204,2
211,-11147.418000460406,10.285614306220868,2
212,29744.582315325464,10.971049256981804,0
213,58012.58383711483,24.030535566231837,0
214,11812.58251031304,13.851580816491342,2
215,-34802.41849608782,6.766121780336696,1
216,-6426.419464917265,-4.266684423889752,2
217,12957.579577785911,-14.28721814431221,2
218,-39744.420040646226,-7.734479173840762,1
219,10287.583884408075,27.054813652310965,2
220,-52150.4197614809,-4.436896482628448,1
221,-23993.420214535898,-10.399862651603359,1
222,-30235.419435949687,-2.7732921166587565,1
223,-6838.419368323674,-3.2204543970240525,2
224,7684.580340621736,-6.739681856764161,2
225,-14331.41984997239,-7.432716865976697,2
226,115309.5794219515,-21.005815324508653,3
227,86828.5823203751,7.984934197361171,3
228,-29215.420290112546,-10.871159550239236,1
229,-13174.420369734064,-12.554355712131214,2
230,18202.579873033832,-11.842042431174894,0
231,796.5825607792253,15.012544785829665,2
232,1019.5808949911825,-1.008054745532457,2
233,-50634.419874740925,-5.594970289221952,1
234,-42627.41813806168,10.564761797316825,1
235,10478.58032586482,-7.0360800114560655,2
236,46121.57939059929,-17.755535429734866,0
237,9833.583560196195,24.084172823536413,2
238,-13546.419016254966,0.49858914661760023,2
239,-5631.418638205818,3.6819556137441976,2
240,-21942.41960804464,-4.614741348182364,2
241,-4958.417385033174,15.60372152041612,2
242,2398.579741832277,-12.182364157370635,2
243,-20946.419823130316,-6.717724696502769,2
244,4150.580862490028,-1.3428860413268864,2
245,-28934.41996698634,-7.9062650695195025,1
246,-12589.41722696447,17.39827866039487,2
247,-7975.419054492046,-0.06630004883546337,2
248,-3733.4200142377845,-9.541654058384776,2
249,-32154.42026298271,-10.548520358871134,1
250,-5855.418658656915,3.73544104600786,2
251,-7555.417915887393,10.908892894278715,2
252,-5075.420216035159,-11.381179114304617,2
253,20315.58080755555,-3.035783861760243,0
254,-13321.420169882715,-10.536518261642255,2
255,10796.579987039406,-10.052199741653853,2
256,-37267.418901386096,3.0081168206511952,1
257,-14126.419628455988,-5.434960430960482,2
258,14582.579568817624,-14.438676345853857,0
259,-13812.416728541239,22.55686072179491,2
260,-23508.419798433486,-6.471907210436028,2
261,5402.582986386693,18.53129207525211,2
262,48662.58075403658,-5.008166896339015,0
263,-12009.416738667058,22.368090992151256,2
264,-53609.41912752027,1.6877137487348264,1
265,-14739.418807012738,2.640578918222937,2
266,28282.580846625613,-2.8630724804890124,0
267,-8830.418738968665,3.0066345659868734,2
268,94195.5814542088,-0.7606762201966061,3
269,-31420.419963490993,-7.642244551177019,1
270,-9872.419340818176,-2.906544295492446,2
271,16114.581026658088,-0.6081410944605197,0
272,123586.58034372255,-12.856270429616103,3
273,-242.41982435152522,-7.908448733864191,2
274,54412.58047801938,-7.598966030509979,0
275,-9536.419353171448,-2.9379803368029864,2
276,-10041.419989119851,-8.85880404476254,2
277,-36687.41743548974,16.96258138425346,1
278,15931.580514421985,-5.589485188689082,0
279,23929.580166509233,-9.451204076869178,0
280,30225.57948080718,-16.095135887787883,0
281,-5957.417484168718,14.708962117623946,2
282,-19993.41753195422,15.190502829642748,2
283,3894.583836340398,26.698632926752186,2
284,31353.580954092206,-2.20178794011578,0
285,46990.58063236279,-5.831872544161914,0
286,5751.57994295982,-10.53845291160021,2
287,89062.58001020818,-14.271766736094683,3
288,4710.58235133063,12.611371454453966,2
289,-9770.417669537204,13.13372663239188,2
290,-26820.419892335878,-7.096501555748961,1
291,93665.57966236235,-17.723746958515854,3
292,72861.58145625876,0.47175007028936494,3
293,47759.58284262767,15.081036111867764,0
294,82042.58161674096,1.5148080472382297,3
295,71496.57957388753,-17.403119690374904,3
296,6973.579307778685,-16.643831677669553,2
297,-42701.41782340802,13.570566261786345,1
298,-2508.41823676079,7.3523942088169,2
299,40424.580376709106,-8.172518278790797,0
300,-64332.41675905419,24.848125420714794,1
301,25162.581503248104,3.474630659828247,0
302,-30536.418729696008,4.302101998723944,1
303,-11901.417565998938,14.335674572715988,2
304,98364.58129100665,-2.205669755974432,3
305,23746.580567363482,-5.39902025986984,0
306,-18529.420162343198,-9.961220110274892,2
307,-41087.4190903896,1.4003002023357083,1
308,-13840.420156343826,-10.46724720434939,2
309,-58691.42014373011,-7.749478762713901,1
310,-28387.41842752693,7.075163751602868,1
311,25394.579706964323,-13.586894991014466,0
312,20870.5798477417,-12.098957860304438,0
313,-52372.419864980155,-5.413005902022467,1
314,-35478.41954358376,-3.208614846724979,1
315,-9863.419445614745,-3.9068388549572814,2
316,-53844.418494050034,7.74174538290732,1
317,5199.582221971364,11.572179874141046,2
318,-28697.419235095193,-0.9356124260848967,1
319,-27349.419798571173,-6.039730645548351,1
320,44235.57992949966,-12.544803429418097,0
321,-13759.419337211553,-2.4678429090412255,2
322,24104.580671998327,-4.431966041669219,0
323,27408.58000989157,-10.799699065366882,0
324,-15273.418891343685,1.6750117975136267,2
325,-27222.4185388157,5.953838794207881,1
326,33823.58219813766,9.540893218688883,0
327,28401.580653881338,-4.8963593996484684,0
328,24715.580349720058,-7.523433993432376,0
329,-19365.41970648868,-5.910059331036539,2
330,92378.58459729262,29.422926854486708,3
331,1465.5803652398397,-6.066149927411637,2
332,88901.57926758184,-21.227958691500568,3
333,60048.579396355315,-18.18814624224336,0
334,-3150.420331750036,-12.600749589070945,2
335,39695.58164507366,3.9497317382661077,0
336,-36343.4201670441,-9.095489771548454,1
337,-22475.42010784884,-9.563183635035488,2
338,1404.5801768650292,-8.084627985888853,2
339,-39560.41930845742,-0.7582775588747582,1
340,29417.57959024889,-14.992512605485206,0
341,-28569.419896465562,-6.91135188403035,1
342,28896.579710938673,-13.936773371089267,0
343,46984.58044922231,-7.830541207544149,0
344,-5528.418870143296,1.6838250165117805,2
345,-35552.41807289166,10.842054087505838,1
346,-25139.420197791464,-10.302296933243449,1
347,-23436.420239531046,-10.446821385808384,2
348,-33599.41902673196,1.6247338303676504,1
349,24978.580452989037,-6.551617174656987,0
350,-23647.420226945334,-10.432345668674547,2
351,-12520.41964002696,-5.608686598352771,2
352,30357.58106633124,-1.0929732039243054,0
353,20892.58005695232,-10.121232003979916,0
354,9720.58201926432,9.066362050722223,2
355,-51645.42008126449,-7.512082822177478,1
356,511.5823852210045,13.028578872537715,2
357,32631.579803399913,-13.360339227620152,0
358,-28105.41967562715,-4.963260607946018,1
359,-12415.420269092783,-11.615793531521055,2
360,8601.583600413394,24.207116873657736,2
361,49191.58084534543,-4.060457288549679,0
362,14428.580931380802,-1.4309732624966278,0
363,-24185.42040993187,-12.376625763573298,1
364,-77270.41972786002,-2.83050287297322,1
365,-17433.418896629002,1.9232819068594873,2
366,-2455.41991666913,-8.676105279314493,2
367,-1270.4204364301825,-13.782000298036223,2
368,5631.581612778176,5.500803658374494,2
369,15857.581356480077,2.446394698297597,0
370,-2677.41896903383,0.37462213020993684,2
371,23642.580568912494,-5.379074915639161,0
372,-14911.42027600754,-11.346983693170923,2
373,151359.58301956372,11.251789401037199,3
374,188409.5824937329,4.360048707466532,3
375,49431.58083954667,-4.096350236189674,0
376,-8496.419157277016,-1.0201616893063101,2
377,-24114.418848641606,2.6190240682970356,1
378,160968.58232665624,4.253379049202286,3
379,-25403.4171871752,18.773648919553132,1
380,-8607.418611026056,3.989793255864085,2
381,140022.580457392,-12.593013883799175,3
382,-21600.420028949437,-8.647957044317334,2
383,-9445.419971692389,-8.947363848153383,2
384,-15702.419968885722,-8.277170954810302,2
385,-12432.42008043779,-9.607824421673426,2
386,-26299.420411077233,-12.157134603759959,1
387,80744.58099284513,-4.3696654065079175,3
388,18913.579973786804,-10.917130126476243,0
389,-18411.419826900845,-6.986875396072391,2
390,13512.580332467503,-7.336959925932849,2
391,-9767.420735281534,-15.875341678150232,2
392,31347.58116551734,-0.1972715229475524,0
393,-10344.419442755534,-3.8378039613078387,2
394,16872.58041563406,-6.713648720023982,0
395,99968.58004230437,-14.406630747954312,3
396,44762.582776737916,14.402780009951629,0
397,1344.5820480815917,9.975050856125394,2
398,-455.4179418094379,10.163506493040858,2
399,5494.5816965845015,6.544532682800835,2
400,-12639.418589346898,4.402877086234715,2
401,-8439.419775607008,-7.025985483070526,2
402,43604.57982465355,-13.498475632829061,0
403,-61716.419605720715,-2.460264408514431,1
404,10178.581681521551,6.02783840553809,2
405,-11766.420395864663,-12.670027990939648,2
406,-5561.418219614851,7.67203590854074,2
407,-26243.419769897817,-6.165044464351739,1
408,50905.579682548254,-15.241840824326466,0
409,18459.58008379192,-9.845987925867,0
410,-10023.420607230813,-14.860544633060252,2
411,66594.580559049,-7.88869845584855,0
412,24553.58150744488,3.515842996920041,0
413,-16714.418493083595,5.8530289462060905,2
414,-12682.419021107276,0.4081304408981783,2
415,23049.580792201148,-3.322027034719618,0
416,-39871.419096253834,1.2820447461617157,1
417,45808.57939344945,-17.707962856032882,0
418,54575.580193582035,-10.638643726560879,0
419,-8532.419253906115,-2.0250690623285434,2
420,33179.5791606033,-19.387536356006567,0
421,-8553.419568184117,-5.03960261663456,2
422,-35264.41765568286,14.790634951157806,1
423,24941.58068823018,-4.527082601328933,0
424,1597.5798617009264,-11.084216102347419,2
425,-5460.420515093253,-14.337087875374431,2
426,-11487.41966691878,-5.7280298654956,2
427,27271.581920696248,7.228814893220395,0
428,-32395.42048174542,-12.53692582091577,1
429,-58561.41668671865,25.243267990528867,1
430,1178.5849714667254,37.99096679733497,2
431,109928.57968353071,-18.45509092080967,3
432,15734.580949429605,-1.5644274559458256,0
433,-11809.419243416916,-1.6726509010860517,2
434,-20505.420014324398,-8.788760938164186,2
435,-14701.420065143353,-9.364683761350603,2
436,-36207.42016525637,-9.104146781659903,1
437,28510.580957040984,-1.9059722473516738,0
438,-36519.41575953195,32.94368548827881,1
439,-69273.41966786805,-2.649741747915349,1
440,18243.581239110637,1.1746855137970174,0
441,-14377.419535318115,-4.411168574074383,2
442,-3582.419690381483,-6.563148892776698,2
443,-51345.41819384659,10.478162984163792,1
444,57992.580080112086,-11.999489969499338,0
445,-39211.4182618344,9.226437955764029,1
446,-9054.419146228489,-0.9710646463428013,2
447,695.5808968107972,-0.9741327308876735,2
448,51684.58273786332,13.678063388435609,0
449,54785.58332960848,19.366449568638224,0
450,99095.57984911588,-16.321549798026524,3
451,-25754.41957616982,-4.219376532472852,1
452,-7345.419152309945,-1.135354147283145,2
453,22597.58080614033,-3.2823192017543175,0
454,10018.580442726061,-5.988436062264633,2
455,24991.580160702815,-9.543717543086714,0
456,5251.580986436155,-0.45552495040267715,2
457,-528.4190963151028,-0.845982897785159,2
458,-29029.41975680289,-5.878938877670299,1
459,8675.580555014498,-4.848474936330226,2
460,3313.581112532433,0.742988889042884,2
461,-15714.418895816803,1.7395644293582087,2
462,41225.58057232872,-6.239131898016747,0
463,-14402.41868322681,3.597163427875553,2
464,-15111.419098229093,-0.32601511581599874,2
465,17372.58375018041,25.291261340806642,0
466,-44800.41949107266,-2.2139486830924215,1
467,34057.580402000516,-7.502166467743369,0
468,-6585.419998062811,-9.22438121188724,2
469,-18115.419008945555,1.002948843870671,2
470,11841.579471550573,-15.141728366662004,2
471,-31212.42016352705,-9.647793194243302,1
472,-62339.419497475865,-1.3956855373462096,1
473,9648.580983609163,-0.9272380080194327,2
474,-10614.41925012815,-1.7977645044827066,2
475,-3225.4200064666256,-9.579907411709781,2
476,9853.579689498027,-12.95914224268183,2
477,26447.579721983104,-13.704626227104034,0
478,-27387.41853788904,5.971113894258465,1
479,-11665.418080588188,9.310462194116546,2
480,-22212.420246405145,-10.574971218910902,2
481,-19684.41993512172,-7.867880678338567,2
482,66880.5828401462,14.097141400788066,0
483,19786.580262347365,-7.984314218482858,0
484,12310.58179522659,6.796490766155566,2
485,27145.582037550605,8.23374359766904,0
486,10066.582645797289,15.026250377085576,2
487,31665.583572113363,22.777085604041243,0
488,-35921.418908945365,2.8671938832688544,1
489,-6440.419999035017,-9.258237719979128,2
490,-21647.419913631064,-7.6661016807716615,2
491,98496.58111326439,-4.214619198922546,3
492,-6947.419901750023,-8.183386063824749,2
493,-18108.418683346088,3.992657333263302,2
494,-39471.41847002414,7.236279403417603,1
495,-13175.420576511102,-14.528698357319804,2
496,101405.57973139669,-17.562753480014965,3
497,-13829.418497885312,5.543360967845335,2
498,-40874.41919633185,0.3786473373537877,1
499,8645.580117975749,-8.811001225879448,2
500,-2341.4199171514933,-8.669365443423215,2
501,25282.581502416306,3.44339159113796,0
502,23506.582258788305,10.645315330738535,0
503,3532.581195116005,1.7268970896591178,2
504,-23128.420125114066,-9.487331429371576,2
505,-56849.41963305425,-2.96982751121863,1
506,35419.58082747608,-3.6177837693528474,0
507,84428.58035414557,-10.755227308656789,3
508,-21990.419689037044,-5.610970974072296,2
509,100887.5814139165,-1.4855696190137322,3
510,-32927.41983981525,-6.488855367015106,1
511,39558.58039297335,-8.089465649334942,0
512,3581.5799551467453,-10.311259171541016,2
513,-27320.420518003975,-13.040266455398436,1
514,3770.582869715741,17.691615567039978,2
515,-18498.41878941829,3.01949845009478,2
516,-45979.41832872857,8.917003509723322,1
517,32906.5794659083,-16.357154729653267,0
518,-1603.4182313770928,7.2539005582318365,2
519,-25516.418830301573,2.762067725691956,1
520,27012.581712658764,5.257227002860492,0
521,-4091.420221561396,-11.484201529151742,2
522,49667.582517674084,11.8832162928966,0
523,11471.579586289297,-14.112962186718297,2
524,-43435.419812976696,-5.354917718260754,1
525,48450.58012214229,-11.01152558684215,0
526,-924.4195165916707,-4.81657043933807,2
527,-43021.418135848944,10.606012642286098,1
528,-11062.419446637923,-3.7533068972134966,2
529,-51892.41819077458,10.535432558270877,1
530,-4606.419391325058,-3.4503970425522144,2
531,16233.58008327557,-9.614770637534475,0
532,-10755.418411368099,6.2118161039843995,2
533,-11064.419970356807,-8.749858908462658,2
534,-11203.420066565317,-9.76265779071287,2
535,8696.580651885706,-3.8233217401044417,2
536,49158.58484017808,33.966631451541694,0
537,19330.581008596728,-0.9448484990828133,0
538,77074.58123341449,-1.9904630840389967,3
539,-692.4180591766751,9.19100114847022,2
540,-15817.420257901575,-11.250288173270548,2
541,6416.583487006012,23.444013484571666,2
542,24734.580339147084,-7.521680903130583,0
543,-18337.41910197854,0.023097080229641964,2
544,-30245.41621375142,28.289403770931337,1
545,-13855.418173034965,8.540397604416766,2
546,-4933.4188446680855,1.5917911422906146,2
547,-20528.419280973067,-1.7908869249529058,2
548,-58705.41993671098,-5.75489029432176,1
549,52002.580619132095,-6.349593610257827,0
550,-25951.42020353959,-10.19486479766976,1
551,-11256.418000006122,10.278350982449272,2
552,36421.58059045924,-5.722967410955622,0
553,2236.580067446416,-9.171088650454479,2
554,50097.58398647013,25.877244521622398,0
555,-21626.42034319936,-11.661967110743024,2
556,12844.580112774776,-9.263692896500096,2
557,17301.580192489873,-8.730977711737737,0
558,-5316.4199110677455,-8.372823169947964,2
559,-38716.419315906795,-0.8708995328687583,1
560,6588.582340625732,12.396074047042909,2
561,-56967.41994662962,-5.9555300410838345,1
562,-6170.419696621685,-6.266031517866077,2
563,96495.58057874725,-9.009198299519362,3
564,52796.58084603193,-4.445376738754948,0
565,1895.5796296027586,-13.106635854081022,2
566,-16001.418905636185,1.7642981816156222,2
567,31416.580629998993,-5.193641590681574,0
568,18950.58142276512,3.110726705742886,0
569,35745.5802879324,-8.659572897857316,0
570,-34466.42017758552,-9.292007121820856,1
571,26517.581066030067,-0.679576696175279,0
572,49036.579690493214,-15.051742914895856,0
573,-58573.42014694434,-7.767414936922743,1
574,-50028.41967136163,-3.6839696775521706,1
575,-7950.420199888886,-11.080173583120194,2
576,4805.580032244014,-9.41389667530666,2
577,-9036.41924060934,-1.9760438282392254,2
578,-280.4199261747483,-8.879565287458151,2
579,-57357.419627491894,-2.8923839227821833,1
580,-17885.41951577472,-4.062564836803947,2
581,-12875.417571929574,14.445265483218156,2
582,-19795.419923874197,-7.841326232079872,2
583,-32743.419136285363,0.5357604239764839,1
584,38097.582489464854,12.106274854825399,0
585,-18331.420550106028,-13.994459515366344,2
586,-5365.418964404031,0.6597915589173734,2
587,-61827.42023357346,-8.444756665252855,1
588,-38714.41763359796,15.176098808374972,1
589,8470.583485936813,23.2252223190889,2
590,-33896.41651100155,25.65895912074747,1
591,7507.581612866517,5.319324020993733,2
592,448.580988026833,0.044056666542839976,2
593,-32813.420501106986,-12.463129058895664,1
594,13991.58137820255,2.615469544255012,0
595,-26896.419277385154,-1.090397241104118,1
596,-21669.420227587707,-10.643179818376435,2
597,-12522.418935610352,1.4167275822241603,2
598,-9585.419468108545,-3.92846009260909,2
599,1657.5805944282492,-4.11370734751205,2
600,13395.581873104498,7.708406225462838,2
601,-12116.419537549838,-4.651632137802428,2
602,-30102.419049887907,1.2439677503180502,1
603,30625.580024315714,-11.13293596791237,0
604,-5273.420319669196,-12.359801275524173,2
605,10744.579485468304,-15.05487468976251,2
606,71526.5846096534,30.606728429296023,3
607,34167.582301109614,10.522904893365663,0
608,-14939.419203941085,-1.3433753801792896,2
609,-12576.417981192164,10.40893631143825,2
610,-15697.420365873046,-12.267786023911773,2
611,-2166.417736660483,12.343382219429548,2
612,42000.58005377794,-11.316903142946082,0
613,-1443.4204354585984,-13.763887617377124,2
614,-18954.42035804769,-11.923043674423834,2
615,133494.5815345643,-1.8976442936495557,3
616,87491.57960004697,-18.104695969218945,3
617,3850.5810885840633,0.6942509791904613,2
618,18424.579327282285,-16.835886651405815,0
619,-42658.417401956045,17.58773061093248,1
620,4643.580043462213,-9.419353371793866,2
621,-20739.419279788068,-1.7687957364033708,2
622,9996.581178781158,1.033590473166445,2
623,-18474.42033981088,-11.980783199428654,2
624,15857.583968180841,27.44858273110434,0
625,-14035.419009992247,0.5644249178662494,2
626,10065.581493596655,4.033479980578801,2
627,-1525.4197124000532,-6.774769462493635,2
628,33566.58082741644,-3.420036816658972,0
629,-3112.416051894841,28.446701283423632,2
630,3611.5801646281807,-8.297020176699835,2
631,-10945.418074165511,9.231337595103348,2
632,-19744.42023855656,-10.863398011862506,2
633,-19696.42066811861,-14.843414916825013,2
634,-41909.41992629288,-6.514038500614898,1
635,-10088.417785672962,12.147153304751171,2
636,8685.580136132114,-8.82825567764931,2
637,106066.57884538492,-26.0342093166293,3
638,-12405.419127408957,-0.6202230689518482,2
639,1738.5799445646821,-10.11081685036077,2
640,-85122.41947411254,0.008962416405559868,1
641,-39084.41857694359,6.196409160200522,1
642,58835.5811263544,-2.079588556765553,0
643,-13796.419221791477,-1.4683591616936058,2
644,15683.580519300744,-5.561811456760582,0
645,37192.579871130205,-12.83089711935277,0
646,11632.580541117093,-5.133808448956043,2
647,7185.57993506421,-10.66991387611361,2
648,-3549.418754644549,2.4646229790983876,2
649,-52479.418292223956,9.597537754140271,1
650,80701.5820510131,5.624617057818409,3
651,-33987.41871031484,4.663413333721312,1
652,-2948.418024797662,9.397165704845643,2
653,102675.58108963685,-4.6708257288572,3
654,-10512.419040244013,0.199317701639275,2
655,-5263.420414162989,-13.382618236374674,2
656,-40722.41825350636,9.365960633634366,1
657,66692.58074612368,-5.888896440079617,0
658,17997.580073368783,-9.799457161711628,0
659,41817.581315274416,0.7091225453900352,0
660,-9092.420295669812,-11.954379372301927,2
661,-30903.420173177168,-9.670820540766837,1
662,445.5824798714269,14.038583538085222,2
663,16045.580842936979,-2.5963406833820333,0
664,-15923.417449907824,15.782411335904523,2
665,51198.57980387189,-14.304906841122891,0
666,49229.5805299595,-7.058619513112208,0
667,2324.5800566438083,-9.157884333338524,2
668,19840.581627258845,5.016250425606312,0
669,23501.58202568242,8.630361724756506,0
670,-16181.419861449589,-7.227668534595321,2
671,32398.58030657159,-8.327825470333208,0
672,102063.58108260765,-4.60300846805893,3
673,8222.579722299792,-12.771607964819369,2
674,-6479.418435352036,5.777059192222802,2
675,40368.579749639786,-14.14796666981885,0
676,14810.580628980098,-4.458128268087634,0
677,37466.57953713019,-15.825899190745227,0
678,-17013.415973825508,29.902102288291324,2
679,-19171.419916912375,-7.9103998637909125,2
680,5576.583079689252,19.51616932254422,2
681,-9560.418825632225,2.094607827539712,2
682,-17377.419191213976,-1.0971794860549107,2
683,28590.58201027777,8.118070635714918,0
684,50902.58018078441,-10.253791602161463,0
685,28827.580644539066,-4.9225795662515,0
686,-8484.419882809696,-8.044883593223757,2
687,12952.580321502413,-7.294971031717095,2
688,6894.580872462889,-1.626895349156327,2
689,39324.580278140784,-9.056703226400497,0
690,-28588.419966220124,-7.918233211041833,1
691,-16160.4200709017,-9.209896386690597,2
692,12481.58020893531,-8.241268410424128,2
693,-10580.418108548623,9.208223139749652,2
694,-16691.41973197238,-6.186278305185055,2
695,17797.582371954682,12.225613542467169,0
696,-18231.41962904384,-5.021949412518998,2
697,-74657.41838067873,9.906177376977107,1
698,-24529.420106937523,-9.363067829115309,1
699,37242.58123715647,0.18488854743456468,0
700,-22946.419613806793,-4.502009510398267,2
701,36518.58184783169,6.268161095849258,0
702,28351.581998602232,8.141253840407987,0
703,18281.581436988556,3.1770270398827885,0
704,4935.5805761765605,-4.438230642287731,2
705,52169.58061467775,-6.38171676201382,0
706,43666.57951006728,-16.50302372638581,0
707,3584.5798400754834,-11.288507841739865,2
708,-13340.420064872114,-9.516501366854193,2
709,-32105.418720884354,4.466372495568588,1
710,27611.58046006884,-6.838643708096589,0
711,-14439.419000773532,0.588341737795871,2
712,29510.581909056255,6.99052389324409,0
713,-60086.419824366996,-4.629626020059505,1
714,134243.57933748333,-22.999517045369902,3
715,62223.583498292945,20.595470356753626,0
716,493.58144260788805,4.036292897384549,2
717,9020.580564477657,-4.89221107148805,2
718,11995.580431623039,-6.1954231701434495,2
719,48359.5802196425,-9.974646262097181,0
720,27003.580666183527,-4.73922665892619,0
721,18941.57965954936,-13.899443142884225,0
722,-52926.41996916638,-6.359937586396461,1
723,12373.584070784233,28.84273454261737,2
724,-12436.420478466893,-13.612299444984222,2
725,-8254.418435691861,5.985315093546262,2
726,-10764.41779056781,12.249801557382087,2
727,-15850.420050775714,-9.253710450933186,2
728,63798.58306694705,16.41852389277829,0
729,41566.580791989014,-4.270416565739162,0
730,35839.58050041298,-6.6560712508935485,0
731,-55127.4202712013,-9.146230424882635,1
732,-32464.41798548814,11.51810025390001,1
733,33964.57999416286,-11.47490570297486,0
734,8103.5810611823645,0.2343335316363661,2
735,-43422.419498811636,-2.358221942908815,1
736,114462.57902974905,-24.90722805880347,3
737,-7486.419068639029,-0.10988169211513717,2
738,69848.58158823446,1.7641384444412964,3
739,468.5799404542824,-9.951560097781025,2
740,392.58059106634613,-3.9775225695438916,2
741,-53546.42007058828,-7.313052730079537,1
742,2088.581527929977,4.872394889089506,2
743,7432.579514535073,-14.711858662085074,2
744,129095.57967016679,-19.458734735703892,3
745,-51366.41955910127,-2.544532039498085,1
746,-11407.420285220072,-11.7175863439467,2
747,-42114.418668189304,5.499651877841346,1
748,10167.579897226622,-10.993312719005452,2
749,-5551.419267131241,-2.3225338800224806,2
750,-10663.417551861266,14.217249644617134,2
751,-56143.420055845425,-7.02247776547836,1
752,-34939.4201749291,-9.242485168342515,1
753,21483.57975001927,-13.166232099959025,0
754,38348.582790734705,15.066992718927184,0
755,-15997.419316727994,-2.242853938289951,2
756,-31452.414845274492,41.4073534018841,1
757,358.58132815377536,3.0548171331199634,2
758,-22852.41939359982,-2.5394373509660646,2
759,-26400.418940549236,1.8590104458994152,1
760,41636.58319141095,18.738831573511888,0
761,-14325.42015362002,-10.416468879958277,2
762,-50554.41998264563,-6.626955596383203,1
763,114705.57976144867,-17.955878960387846,3
764,792.5800782654447,-8.99564813082199,2
765,-35894.41838633182,7.8520716587964,1
766,-33324.41934347938,-1.4111716432107737,1
767,-1281.4195145867254,-4.77919340468317,2
768,5105.580156079863,-8.472113714902255,2
769,-24809.416034788454,29.718972310007153,1
770,-6124.420011118093,-9.268904450205797,2
771,73506.57946925388,-18.620529570959793,3
772,29203.58087378643,-2.9745991079538086,0
773,15368.582616020754,14.471143828793474,0
774,-9096.415808796084,31.07191614115201,2
775,-20756.42003368942,-8.736321798515474,2
776,2497.581117115166,0.8284221111112272,2
777,-231.4201384934991,-10.888981891479082,2
778,94684.58070506471,-7.827854179402631,3
779,45757.58400990954,26.335505128909478,0
780,15345.579773866722,-12.538531393392875,0
781,46033.58328544572,19.28872492514436,0
782,-43689.419287977966,-0.35023848710176,1
783,-34987.420174659535,-9.237459684691434,1
784,91065.583022045,14.564796100582061,3
785,5099.580860676803,-1.4276053844584793,2
786,23634.58129171332,1.620970978178168,0
787,-4231.418750814373,2.5360267259741356,2
788,47682.58221458397,9.092984137543153,0
789,18164.579967526995,-10.834969297757187,0
790,-2344.418646041786,3.3527476965369263,2
791,62357.58121132053,-1.4489811383832172,0
792,-24631.41979988349,-6.326332268473118,1
793,28555.582439924678,12.115401831751182,0
794,20967.580485981467,-6.1354175413107095,0
795,-721.4204604459442,-13.831994578801414,2
796,51835.582296006345,9.657527385429013,0
797,-54234.42017131259,-8.221697719465073,1
798,-7930.417051394683,18.937196780115404,2
799,-69163.41872225516,6.347550706793199,1
800,-2546.417073874864,18.34550546654316,2
801,-19338.4176402209,14.141248995603066,2
802,6295.579709637966,-12.567952907483011,2
803,-23664.418966381134,1.576300222034924,2
804,-13984.420187868347,-10.437070593486434,2
805,47192.5795007312,-16.875929723835004,0
806,-52486.41975959389,-4.401718097070895,1
807,-174.41593131566668,29.123351926317714,2
808,111037.58240437339,7.445272796737764,3
809,-67051.41968034701,-2.882379761929881,1
810,-19443.41991283328,-7.8763402628681884,2
811,-51908.41955334796,-2.4635287334754565,1
812,50629.57947096242,-17.232032948520455,0
813,11412.582847730071,16.88403200226375,2
814,13478.581998159036,8.672908559873159,2
815,69563.58250037389,10.821923304614204,3
816,31412.583565619483,22.812898295265764,0
817,-19797.42013335501,-9.83982139948826,2
818,158638.5808827987,-9.506406677058884,3
819,-24238.41988590411,-7.374315385640609,1
820,-25783.419793413752,-6.205720660847221,1
821,8207.579722384033,-12.770037501178408,2
822,-2212.418458381462,5.326441507988408,2
823,-46443.417592900536,15.961049153978891,1
824,36317.58071765631,-4.724084397427398,0
825,-18580.419519628413,-3.9618004573964947,2
826,10537.580628528696,-4.017909493624797,2
827,7747.580982884645,-0.7205924445057974,2
828,56554.58186098618,5.162308054614264,0
829,42496.580986756766,-2.3562816083512805,0
830,23945.581719417067,5.58207681289624,0
831,-23839.420204934515,-10.419728422564255,2
832,75613.57986484628,-14.854778126752809,3
833,37450.581423771284,2.1918491893990306,0
834,-23578.42002924151,-8.433249767446759,2
835,-12276.417658172664,13.37184153821277,2
836,-28603.420408604015,-11.912169044261152,1
837,-59743.420035627496,-6.645566491647436,1
838,17689.583737933845,25.261814553441322,0
839,3869.582054833478,9.7032047880694,2
840,11897.580201748846,-8.176382681755655,2
841,-39885.41962357965,-3.7465649102905454,1
842,-16860.42024412924,-11.150412805915925,2
843,-6101.417493826263,14.7277809128242,2
844,9389.582125869269,10.100369229679709,2
845,14135.580821330484,-2.3812681531897972,0
846,58196.58405510533,26.01010655771822,0
847,-23564.419690663573,-5.442434645100316,2
848,-794.4165772423506,23.199635424289962,2
849,-38677.41658538058,25.17480460718318,1
850,-10110.419232026137,-1.8580167713130598,2
851,12150.581670446614,5.821374785539596,2
852,-18912.41899306882,1.0787773405781023,2
853,-51584.419138892874,1.4757011572049303,1
854,79343.58151304266,0.7813927753749353,3
855,-3915.419266817844,-2.5066182550304448,2
856,-13369.41847937832,5.5063907539243955,2
857,-6525.419799531865,-7.246891519206152,2
858,7279.580248774366,-7.681698604422865,2
859,7625.579932435258,-10.734656169144422,2
860,56802.57975053232,-14.880274241723658,0
861,-14732.419750731187,-6.363381292651844,2
862,-2526.41906767807,-0.6589204858563008,2
863,18522.580467379572,-5.864331807924155,0
864,-49795.41988216222,-5.707068775335633,1
865,10415.579288448089,-17.004200734482342,2
866,-9387.419867114228,-7.93540866672226,2
867,4527.581629444606,5.6126474381022975,2
868,39687.5809082526,-3.0652807427143633,0
869,-28456.42009519151,-8.929502744101805,1
870,78756.58100323332,-4.138978138561126,3
871,6633.582036601203,9.38956346803224,2
872,-13446.41994922239,-8.528468846320736,2
873,-26325.420086226877,-9.160097967188529,1
874,-33356.41953456858,-3.43826779162712,1
875,40239.5812090822,-0.10259925705139931,0
876,16387.580945762296,-1.6327949731157132,0
877,-4106.419802650935,-7.503897299952332,2
878,4235.580057154291,-9.384252232175388,2
879,32486.58082301555,-3.3032210902626833,0
880,74373.58082959945,-5.70508405621077,3
881,69458.58187503897,4.842384722652667,3
882,-2298.4189711623294,0.3349417488816254,2
883,-51467.41567542468,34.52738021484826,1
884,24358.581615060986,4.56374165249735,0
885,-3949.417181049897,17.515461588290503,2
886,2288.580793584598,-2.1440105950851276,2
887,116844.5789943467,-25.16393522888815,3
888,59662.58049323377,-8.16228713985215,0
889,46064.58116574431,-0.7273956529406274,0
890,26790.58162056022,4.273502112050781,0
891,-6700.417898980052,10.789343291518575,2
892,-39799.41857292808,6.271267927086387,1
893,30848.580643655205,-5.137915711724152,0
894,-26598.419561121445,-4.153429482084315,1
895,79666.58006297701,-13.288028311395971,3
896,23493.58005390344,-10.382490511175867,0
897,29842.580729602032,-4.040391636982621,0
898,-36550.41911842134,0.9197054394994052,1
899,12418.581585128006,4.78647886538012,2
900,-1452.4182322251231,7.2380912242461495,2
901,10664.581786247545,7.000564884647037,2
902,73129.58124416927,-1.5698156750502466,3
903,-12676.418494859341,5.409845522076354,2
904,10032.58097098632,-0.9636995329810534,2
905,-4372.420617258263,-15.482223810624037,2
906,-35684.42006615695,-8.183808552457055,1
907,8272.58001532453,-9.771301311287779,2
908,-12663.417887200383,11.443688112814371,2
909,-17863.41922336931,-1.036778164411291,2
910,16020.580712947938,-3.596356366151263,0
911,-9452.420108574464,-9.912207726928887,2
912,3795.5798388904873,-11.310599030289398,2
913,25508.58004420407,-10.584001139543167,0
914,-5879.419488921794,-4.316469309502817,2
915,187536.5795516065,-23.559985856345545,3
916,5413.5805524016705,-4.499466754714957,2
917,166292.5834594287,14.6851019040726,3
918,4580.580685467814,-3.396128861271429,2
919,32268.581170811165,-0.29744033474964277,0
920,-14081.419746472518,-6.440863619149885,2
921,147951.58030116616,-14.404132244891752,3
922,-23197.42031328607,-11.486296547677693,2
923,-8803.419566780094,-5.013428222618522,2
924,51954.58270656525,13.670477063041282,0
925,-17567.417837949946,11.927091850607649,2
926,-27038.420396460668,-12.083505439295566,1
927,69008.58095307511,-4.136413807930673,3
928,3236.5832953731488,21.778247213895135,2
929,-43749.41802701439,11.681584758941053,1
930,-55037.41995746868,-6.157596362887637,1
931,-11278.420401156834,-12.726702268292224,2
932,-25272.419463822363,-3.292906186665112,1
933,4561.581629253658,5.609087720516118,2
934,-21132.420241069816,-10.69566007247587,2
935,33899.58020479652,-9.491944284701443,0
936,-36372.419643151115,-4.095692135441303,1
937,24845.580247887774,-8.516012866973794,0
938,41914.58140900942,1.702061506039083,0
939,71424.58168412952,2.59848734584446,3
940,38802.58176259173,5.014579390928773,0
941,-51383.41924476773,0.4553046631357795,1
942,-27306.419347653205,-2.0805990356703816,1
943,-43482.41813325992,10.65427822485167,1
944,546.5820500117186,10.05301766159131,2
945,86307.57988875915,-14.948901675845915,3
946,22127.58026997475,-8.255571292105635,0
947,26805.581086279613,-0.7210874137444587,0
948,-38872.418051694716,11.195231900272075,1
949,12036.580420926517,-6.195973426515068,2
950,-42518.418349130814,8.545588402645304,1
951,-21217.420115071767,-9.71356854528677,2
952,43960.579917091854,-12.513977984818041,0
953,102230.57940221696,-20.62476812029905,3
954,-12554.419639836013,-5.6051268807665915,2
955,73927.58281197031,13.351722110848339,3
956,1231.5823488441783,12.968296777681246,2
957,-41360.41866890739,5.435348562042259,1
958,-16599.41796999933,10.837750131360005,2
959,14939.580310343234,-7.503005115356553,0
960,-17255.41951660347,-4.104267089928498,2
961,11190.582107997807,9.939808459231058,2
962,-3682.4196898198743,-6.552679135170283,2
963,16977.580805369544,-2.6788186643640994,0
964,-56982.42015332802,-7.928406920207527,1
965,-7655.419981587325,-9.116097149745615,2
966,-12414.42030158951,-11.619473428749988,2
967,53469.58262309255,12.491825933880847,0
968,34036.58010105604,-10.477509786937945,0
969,-21231.41846771569,6.325947897287838,2
970,-6370.420407945971,-13.266718019671663,2
971,14320.581646858973,5.6017965168960915,0
972,-79274.41929746339,1.3953955541429506,1
973,37814.58080355926,-3.864792119779464,0
974,-358.4193102783349,-2.8771247048298614,2
975,18686.583088941297,19.154294197286234,0
976,13422.583866801613,26.726586751349874,2
977,4849.581627636223,5.5789348186096435,2
978,-29096.417690322945,14.144860301994152,1
979,-3313.4201081669153,-10.56446444606312,2
980,67639.58199775754,6.004182330750731,0
981,41872.58048839806,-7.299069542951247,0
982,58036.57987037292,-14.002801225406673,0
983,38784.5797469771,-13.993185597480135,0
984,-47553.419371023396,-0.9450393344701576,1
985,-20160.420016104083,-8.806206242343729,2
986,46808.580437845114,-7.813555759061176,0
987,24219.58380616464,25.59616702258529,0
988,55337.57997965267,-12.73580320164486,0
989,-26930.417597741383,14.917437633519473,1
990,-27214.418748352673,3.954296651038852,1
991,-35269.41901735308,1.7995787823947744,1
992,-50957.420082418976,-7.559857534713751,1
993,30983.58023163932,-9.190388497145403,0
994,1875.5824718404112,13.88886600431349,2
995,-42465.4192946942,-0.45971296064168654,1
996,41044.58121483915,-0.22222843308132753,0
997,-22922.41863537768,4.489186775942077,2
998,-24894.42022009994,-10.32046315088514,1
999,27013.579917830175,-11.76143814834881,0
1000,13898.583766174268,25.6403420635002,0
1001,36621.58397818124,26.26263672732596,0
1002,82783.58129834136,-1.5608297004660758,3
1003,159615.58098205784,-8.609343927593297,3
1004,-51467.415651940646,34.525477386587504,1
1005,93171.58438350487,27.359872473669906,3
1006,15716.583445242592,22.4665836829281,0
1007,53382.58344223388,20.512692549136478,0
1008,5755.583288176018,21.49613301898925,2
1009,46184.581511799566,2.2616726814253214,0
1010,1139.5839565587617,27.98642703008917,2
1011,49158.58087284699,-4.006915721121852,0
1012,71743.58167202961,2.5875065228895955,3
1013,23242.583098239127,18.667773741061538,0
1014,12668.582518681309,13.782474566929283,2
1015,50097.58034129185,-9.107570011680648,0
1016,9537.583909394798,27.107176786302468,2
1017,14750.584288635928,30.562539791648117,0
1018,50849.58274255275,13.76548586444917,0
1019,71212.58450667083,29.640251186899903,3
1020,13422.58074535345,-3.2614663755518842,2
1021,25761.581711927625,5.416203234559611,0
1022,146917.5824989133,6.731452443175556,3
1023,21238.583923043472,26.878181889165578,0
1024,62810.58275825769,13.523908254088887,0
1025,97709.58111768424,-4.132222206560061,3
1026,24219.58393184319,26.588034615371534,0
1027,104006.58422821685,25.20370425192504,3
1028,141679.5811849826,-5.737717782259789,3
1029,166151.58346022054,14.699864262297647,3
1030,45343.58329025527,19.357093125459947,0
1031,12373.580320859934,-7.1414322719659316,2
1032,8843.58379808008,26.184226967057743,2
1033,160129.58233136818,4.341220315520103,3
1034,39723.58185092249,5.943796035632236,0
1035,46577.5843195424,29.247709960377648,0
1036,57636.58374401228,23.07068035647337,0
1037,152108.58301535723,11.173370916565151,3
1038,28455.582754724364,15.123928433198369,0
1039,3703.5823700038186,12.718641429536826,2
1040,32690.583775848907,24.66847515113601,0
1041,187574.58260316832,5.44682346476035,3
1042,34107.583034668736,17.524652716891314,0
1043,78699.58121304549,-2.1343058141649514,3
1044,3768.583732302003,25.71247254005602,2
1045,6797.5815121079195,4.394307018719018,2
1046,36640.58239290148,11.259466941870606,0
1047,14579.581154165404,0.5814936379470611,0
1048,45309.582878411944,15.344862717124798,0
1049,26304.581601580547,4.3544183092432505,0
1050,40161.58204748844,7.900385404123667,0
1051,18425.583534774618,23.182310230650582,0
1052,92813.58177620832,2.382072673764817,3
1053,4948.584354151147,31.585043087981866,2
1054,42985.583498072905,21.595651387242135,0
1055,52423.58283845905,14.60004416100446,0
1056,5892.582763676498,16.48502804466718,2
1057,45757.580461562524,-7.640632918633032,0
1058,68211.58314690925,16.955845770887464,0
1059,40759.581939383985,6.8384239723570515,0
1060,93409.57936737692,-20.632115534899476,3
1061,63725.583594603595,21.43756687878554,0
1062,93777.58437994366,27.277750383012442,3
1063,31572.583983705008,26.79355580821653,0
1064,49411.584943503236,34.93949524607773,0
1065,73577.58312817402,16.386423106311565,3
1066,4928.5831985407685,20.579623288867037,2
1067,10287.580346527337,-6.925066739478544,2
1068,38925.581544652036,3.0309965905552416,0
1069,44564.58297945769,16.444468820541825,0
1070,28698.582428655314,12.104172422621023,0
1071,13147.583560899915,23.72026538056386,2
1072,38423.58375856899,24.075267132697853,0
1073,84521.58107908856,-3.7414986502260787,3
1074,159611.5808773343,-9.608277418569298,3
1075,-49131.41545556779,36.27960841146218,1
1076,90617.58418835634,25.628565520377226,3
1077,15168.583343574195,21.52460567333099,0
1078,55417.583221313085,18.30092841928542,0
1079,7316.58348890134,23.331404665313638,2
1080,48065.58171072773,4.063441103409178,0
1081,1312.583850841155,26.968962068149814,2
1082,48369.58098202411,-2.924957052326984,0
1083,71606.58167279902,2.6018500908103848,3
1084,24826.582879851194,16.50322821801541,0
1085,14421.582404090275,12.599587434808578,0
1086,48047.58014331281,-10.891644543309665,0
1087,7514.583816010136,26.31962770139998,2
1088,14612.584184664925,29.577635775864714,0
1089,49689.582644321395,12.887582771403322,0
1090,71405.58429609486,27.621339992159005,3
1091,12280.580542274989,-5.140606306247144,2
1092,139892.58119501855,-5.550623213833162,3
1093,164692.5831541764,11.854561181934454,3
1094,43861.58350807037,21.510959495747528,0
1095,9193.58012922707,-8.807198542642466,2
1096,8883.584007347483,28.17874362657569,2
1097,160692.5823282063,4.282275580195991,3
1098,36350.58207935763,8.295645522257114,0
1099,42699.58444606764,30.653079441634663,0
1100,-38556.418558041914,6.129771024375949,1
1101,-13244.4184916694,5.46931374528079,2
1102,1391.5823698125785,12.940187349848276,2
1103,34585.58041314532,-7.540805039525071,0
1104,6617.581921478774,8.395628692216022,2
1105,33076.581260553125,0.6210586493177971,0
1106,43976.583936874864,25.49258605537417,0
1107,2048.5812243828154,1.874783604044287,2
1108,-31349.42048491046,-12.622182265683003,1
1109,-3233.4177089590066,12.425061357864694,2
1110,47949.58180821047,5.084262507993162,0
1111,16621.58052546404,-5.654703331035756,0
1112,-9680.417044275906,19.0961603184318,2
1113,-26705.42007014054,-9.122346499466573,1
1114,59985.57974676639,-15.196884877955668,0
1115,4077.5832031621926,20.650045566535034,2
1116,17056.581141030918,0.29960925530490096,0
1117,23895.58130071378,1.5899025665784146,0
1118,-13684.420573652515,-14.475407291103153,2
1119,-7549.418919805242,0.8733509051317511,2
1120,16383.582086590304,9.368114382687072,0
1121,4164.5839281693625,27.677332333910822,2
1122,38790.58144842106,2.0177789180007704,0
1123,60307.5815370716,1.7637057363890554,0
1124,-30454.41942060966,-2.733721599120541,1
1125,-18221.418776991228,3.0013935338312807,2
1126,14538.581573221883,4.564520004124133,0
1127,48089.58347195987,21.06685681924401,0
1128,57594.58206463746,7.052127138068065,0
1129,38761.582484643455,12.021953431924905,0
1130,49163.58075025798,-5.06967717826716,0
1131,22931.582237441184,10.692617032842268,0
1132,9209.581614550763,5.114837915554273,2
1133,-6478.418738195009,2.771282179390272,2
1134,5188.5824532342895,13.542002934812976,2
1135,8699.580778481857,-2.835641367215083,2
1136,2247.5817469953276,6.850710192808809,2
1137,39569.58121268711,-0.05112724065101061,0
1138,5951.583081099669,19.491546388073452,2
1139,23039.581432134153,2.667518157306876,0
1140,2562.580393963739,-6.190521468030451,2
1141,8100.580141969045,-8.761425735418513,2
1142,15357.583865308414,26.505452365024837,0
1143,-8468.41567524373,31.990418184754247,2
1144,31446.580955469286,-2.2063411455384183,0
1145,36498.58029862064,-8.73138698749603,0
1146,21915.580495732436,-6.208972298719344,0
1147,16276.582613630728,14.400335649523086,0
1148,-16548.419415828026,-3.1789359949255918,2
1149,24430.58089012579,-2.4711352331526277,0
1150,25564.58046380811,-6.59632820585041,0
1151,5272.582567974824,14.52881827545683,2
1152,-8727.41777144949,11.993302088065164,2
1153,-10809.419123354464,-0.7854808843639638,2
1154,28464.581906239368,7.131910249018741,0
1155,55691.58133067155,0.25058620428333445,0
1156,-29935.418490311535,6.21891003099151,1
1157,48624.582219759875,8.990616676643713,0
1158,21350.581534965055,3.8513201159751693,0
1159,9647.580960782867,-0.9248322911006716,2
1160,-21962.420747120785,-15.603682974757652,2
1161,60971.5805906283,-7.299983985639856,0
1162,31909.581056680614,-1.2515907148071788,0
1163,14882.581268452588,1.5228317227016006,0
1164,802.5797525705027,-11.987136479007713,2
1165,61319.58119528307,-1.3289472387659296,0
1166,28085.58088006523,-2.8575472179140946,0
1167,33241.58095585466,-2.3980156388205716,0
1168,14377.581880607271,7.607432721754108,0
1169,13245.581487138184,3.692926217279122,2
1170,56216.58072207885,-5.802794730174585,0
1171,-4990.4187474862065,2.619365313375504,2
1172,15916.581124631834,0.434195434849415,0
1173,38604.58260438129,13.054384981027392,0
1174,-7076.419038608389,-0.16790785821115434,2
1175,50248.58201254799,6.814267779139331,0
1176,-18774.41886816529,2.0561966678674843,2
1177,-4110.420416994509,-13.482950448949454,2
1178,18889.580826964804,-2.894100589708465,0
1179,35476.581433765125,2.383719972155748,0
1180,-4817.418654178031,3.604347258243677,2
1181,22126.580367934443,-7.219057952886431,0
1182,34915.58052746922,-6.570688506272984,0
1183,-14030.41944137007,-3.434949020039418,2
1184,-18821.418249891452,8.060973485871054,2
1185,24272.583490536595,22.57775897481921,0
1186,38545.581030812915,-1.953979300984545,0
1187,-22456.41918359187,-0.5450058852423985,2
1188,38759.58206567059,8.024753701956,0
1189,897.5804757578047,-4.988817639204982,2
1190,20316.582599633028,13.945484751012385,0
1191,2258.58007003225,-9.149134777332028,2
1192,22768.58131844383,1.7002812633870144,0
1193,-8416.41915769582,-1.0156075719027509,2
1194,-23022.41988133257,-7.509243109550305,2
1195,33048.580190448716,-9.3543016885236,0
1196,56224.58248084935,11.196714286643992,0
1197,7097.581929249314,8.341631511458218,2
1198,-6337.419356062302,-3.247209337932014,2
1199,61867.58058559628,-7.393793013793331,0
1200,56260.579662005875,-15.8023655612283,0
1201,-10025.419556242903,-4.852173768552266,2
1202,-9133.418828030299,2.049901962560322,2
1203,-23648.41925884209,-1.4347895986855819,2
1204,36276.581230215976,0.2845850810082139,0
1205,5951.581819538621,7.469878123763163,2
1206,12288.58169060412,5.799441831548718,2
1207,-8704.417363995284,15.995918640352413,2
1208,-16605.418797467548,2.8398177223273144,2
1209,30466.58054105453,-6.0972735189479055,0
1210,57126.580286552926,-9.900793101586986,0
1211,-10773.419029246399,0.22677455191368714,2
1212,-7942.419568906162,-5.079315615813891,2
1213,33630.580743213024,-4.446504354790049,0
1214,23749.581312934442,1.597572941268087,0
1215,20677.58102641528,-1.0825952931506415,0
1216,-15899.41877956554,2.7545434179633217,2
1217,3642.5811106847373,0.7085433865177799,2
1218,39209.582587807905,12.97052807195974,0
1219,30799.580644864833,-5.13665865766569,0
1220,34596.5823928222,11.462408899198826,0
1221,-25968.419876188265,-7.193188579049635,1
1222,54845.58048701881,-7.638985628872759,0
1223,5291.582568802568,14.522955894342932,2
1224,-4693.419261483589,-2.416106744532531,2
1225,-3158.4193872159626,-3.577611129975567,2
1226,-5591.418638430462,3.6777677107016316,2
1227,48121.582526356564,12.045078745491772,0
1228,-23480.41903982728,0.5425834268491457,2
1229,19386.581022264945,-0.939815251036136,0
1230,-6451.419786771806,-7.234124264286047,2
1231,-18017.420025587853,-9.024991287615919,2
1232,30826.58086467151,-3.1445232739059175,0
1233,2178.5810131957437,-0.14658843972457689,2
1234,-2075.419066694478,-0.6915004361079488,2
1235,37728.57923188697,-18.855129143761822,0
1236,-13440.419632308633,-5.506782968140486,2
1237,72924.58312395707,16.477044751450432,3
1238,14088.581879520929,7.613433101440785,0
1239,-12395.416828227491,21.410991491218017,2
1240,83.58039648532451,-5.923360705551737,2
1241,30992.5825396756,12.82773342895156,0
1242,-2134.4200205085313,-9.68480826271548,2
1243,562.5817459921834,7.030867952723909,2
1244,-7382.419152102151,-1.1314803369687716,2
1245,10215.579501614868,-14.978974796475727,2
1246,-28524.418206799204,9.084469537837164,1
1247,3599.581193805278,1.7237554792315015,2
1248,-4966.41967989942,-6.393990227708058,2
1249,-13653.41805895713,9.514858631085053,2
1250,-17187.419610330675,-5.118354277796811,2
1251,20538.581749017365,5.9350391102997735,0
1252,33384.581048396874,-1.4060196395017934,0
1253,-8585.419995679818,-9.001788728109986,2
1254,37238.58258747652,13.184502465797873,0
1255,22779.58162121941,4.704801905306773,0
1256,935.5806964371513,-3.001707055950596,2
1257,6654.582643092427,15.39483632227915,2
1258,-26304.419885701973,-7.15039472207639,1
1259,54549.58093046668,-3.6258169640681266,0
1260,44540.58192845793,6.420144733448912,0
1261,-565.4200293201844,-9.849078759560125,2
1262,44385.580765690975,-4.561816688416977,0
1263,-1150.4189776096061,0.2147489315599858,2
1264,33389.58304315199,17.610591105889966,0
1265,-14688.419404406986,-3.385031302067609,2
1266,15174.58187342185,7.499731533835123,0
1267,30959.5812724424,0.8427034178455939,0
1268,518.5794408618546,-14.959332338414951,2
1269,6192.582039077901,9.43573509907653,2
1270,4432.580896755976,-1.3728722611334112,2
1271,18535.580386202455,-6.8482726263914095,0
1272,4035.5825749219343,14.65832917704818,2
1273,-19483.420435404303,-12.872786893395594,2
1274,34753.582077702406,8.447914535915979,0
1275,21390.582163216546,9.843245900614152,0
1276,27720.58420439447,29.21222770151184,0
1277,-4470.4180030743155,9.57703029116412,2
1278,29282.580768596745,-3.982222497743134,0
1279,-20681.420324864648,-11.74413378882181,2
1280,1337.5818349850208,7.956695083970146,2
1281,38261.58247698523,12.078044564203992,0
1282,9127.58223208671,11.127152275888776,2
1283,18592.58060774003,-4.854094500762235,0
1284,1940.5808993200883,-1.1172803536545564,2
1285,33594.58376285721,24.583152746854314,0
1286,28360.583160131882,19.11464207966533,0
1287,-2853.4202268970553,-11.604362140917196,2
1288,-5123.418537247221,4.6319946535525505,2
1289,-2383.4175871196894,13.324062883827722,2
1290,17951.580401847903,-6.785687917065634,0
1291,-22434.41780015015,12.432912609064836,2
1292,-14378.417855859674,11.593211280539085,2
1293,637.5823740471137,13.019129322200643,2
1294,14650.580189027605,-8.4274279653757,0
1295,-6402.418832901592,1.7602305380821268,2
1296,30384.580542449487,-6.092561444879327,0
1297,49432.58441856286,29.925732958185165,0
1298,-2666.4190633753665,-0.6296241686540386,2
1299,-10962.41849305413,5.235708328775407,2
1300,-30300.419781033142,-5.721711302263046,1
1301,-7664.41634311996,25.919645945593583,2
1302,-20861.419603649374,-4.731661772154719,2
1303,-11465.419246935438,-1.7051919311653831,2
1304,18472.582986362053,18.186403993603708,0
1305,2456.5800559024838,-9.171704413378992,2
1306,16970.57944019411,-15.684304094528281,0
1307,-21835.42065610579,-14.619466801623808,2
1308,-29870.419657799997,-4.787793590673084,1
1309,-10817.420183787546,-10.78000563254429,2
1310,-53913.41964938523,-3.2585442349803753,1
1311,6344.580348305176,-6.580711745275616,2
1312,-36399.4198515266,-6.0825130671280805,1
1313,2940.5799379720083,-10.217987977227285,2
1314,-26630.420199726257,-10.123775143522208,1
1315,-24892.41969622318,-5.305235780073391,1
1316,23888.584122261633,28.628878764103295,0
1317,-13469.419854655593,-7.504290816981402,2
1318,-22381.419291341106,-1.5707222684494309,2
1319,-13492.420189666529,-10.479525004589984,2
1320,-5145.419796657942,-7.376441158859095,2
1321,-2205.4177354765216,12.356522221216057,2
1322,18157.580491454297,-5.81879964876086,0
1323,-26879.419999302067,-8.09525854027471,1
1324,-58952.4164750307,27.28290930533046,1
1325,6307.580128554663,-8.57180015327475,2
1326,1891.5797448375083,-12.11060712674352,2
1327,-59047.41983004425,-4.719731442027566,1
1328,-31667.419354371854,-1.5811805906623264,1
1329,-17258.419203935136,-1.1024212172727965,2
1330,26648.582322404505,11.317610656286002,0
1331,18274.583206467418,20.193039535657903,0
1332,-13022.419879032963,-7.539732817819371,2
1333,-4719.4177223225915,12.61067513112131,2
1334,-34980.420279444865,-10.23754484900414,1
1335,3046.5813924203094,3.7694614890492204,2
1336,473.5805803030515,-3.9635853693954886,2
1337,-27721.420005009106,-7.990430913492994,1
1338,-52989.41965457451,-3.355284795263646,1
1339,-32953.419767098574,-5.453005429284876,1
1340,8157.579594434773,-13.762252075394708,2
1341,-11630.419341253475,-2.700068252962077,2
1342,-8169.42009391294,-10.05789253268189,2
1343,15780.58195305542,8.4656702592458,0
1344,-13175.42048478286,-13.531185592025809,2
1345,-17428.419633395686,-5.087346206535923,2
1346,-27783.419377149698,-1.9968827724154785,1
1347,-14395.419975103154,-8.386278530843548,2
1348,-8226.420303084868,-12.050629333406754,2
1349,-18099.418675481884,3.9823908505984407,2
1350,-35573.41891345128,2.8251772665652584,1
1351,-20192.419816898586,-6.800409013102149,2
1352,10490.579487052666,-15.00960614587963,2
1353,2239.5826689798077,15.871878352996255,2
1354,-21435.420647885963,-14.665088176296477,2
1355,-8101.4203142531405,-12.059974186167757,2
1356,-10445.418309949648,7.182187072771509,2
1357,-14508.419848820471,-7.395510035450752,2
1358,-31289.418515817164,6.39831919562335,1
1359,7278.582441654522,13.341860360401496,2
1360,12660.580930843797,-1.2421256037682054,2
1361,-5121.420111030797,-10.377010744525407,2
1362,-55394.4196410678,-3.1034871248293756,1
1363,-2312.419613542555,-5.670602485041294,2
1364,-57319.42015302198,-7.889648900987176,1
1365,1694.5800601819478,-9.09192486041811,2
1366,22366.580375435777,-7.257382702790792,0
1367,-21398.419611099795,-4.671696829561262,2
1368,-84194.4187451372,6.916325831099846,1
1369,-49019.419047429314,2.2342363117632504,1
1370,-5977.420011943658,-9.284294993887231,2
1371,26736.580862257906,-2.7195910286941363,0
1372,-66658.41968255413,-2.923525909323091,1
1373,-40940.41846529056,7.375441486102555,1
1374,-43067.41792594068,12.628208652908148,1
1375,-22437.417832308674,12.467002221265332,2
1376,-17942.419432417682,-3.02721161846274,2
1377,422.57995307826883,-9.945302684377756,2
1378,-29595.42028782056,-10.812699111772272,1
1379,-16121.417657322947,13.81349368972471,2
1380,-19745.41982987524,-6.843466485355808,2
1381,-62747.41928456963,0.6734677921310734,1
1382,-4246.419906452834,-8.46991656102102,2
1383,-13483.418911862756,1.491345480605817,2
1384,7540.580435868086,-5.702835420721069,2
1385,3513.5794119888055,-15.265684298393317,2
1386,-14032.419956239753,-8.444698362937546,2
1387,-16663.420160457186,-10.155144462306273,2
1388,-22750.419603506838,-4.530145706722535,2
1389,6116.58054861143,-4.554393791125464,2
1390,-35839.41786178779,12.870806854396763,1
1391,-16941.416606222458,23.883811718579874,2
1392,-31091.41997564708,-7.6542723498925245,1
1393,14345.584175856027,29.62800773248344,0
1394,-13093.4171515633,18.484174039483754,2
1395,3039.5797279239696,-12.22705759981815,2
1396,-29684.42051771482,-12.781670978080367,1
1397,12290.58459498048,33.84818584783199,2
1398,-2360.4194980606962,-4.6699670643569675,2
1399,-80348.41950092377,-0.49086381172467336,1
1400,8349.580943654066,-0.783158881939978,2
1401,-7836.420106249361,-10.089014481264238,2
1402,12176.581458257035,3.8143662257681394,2
1403,-14078.419536997326,-4.442473149317564,2
1404,9915.580537742146,-4.955882226840168,2
1405,4666.580231115986,-7.393023678257533,2
1406,-42031.41971515073,-4.49350403745455,1
1407,3028.580565953929,-4.2310876762393805,2
1408,-45770.41990460913,-6.109801159431233,1
1409,-11261.420190795327,-10.720720768204789,2
1410,-34681.41598286281,30.737908124359123,1
1411,-7764.418332732787,6.942422358875097,2
1412,-11680.420410299874,-12.676998371298748,2
1413,22534.581936991293,7.747185014845852,0
1414,-21384.420124442273,-9.67366634627446,2
1415,18513.58028092785,-7.845719752080203,0
1416,-12327.41809857944,9.409805164696303,2
1417,-14599.420067302777,-9.371887978022412,2
1418,-24002.419805967525,-6.397768904050738,1
1419,20547.57995430172,-11.065788261955458,0
1420,-10534.419137916671,-0.8161122337678651,2
1421,-23213.42074264657,-15.478288167334679,2
1422,-21371.420019769255,-8.675675133483036,2
1423,-57256.42025908676,-8.90465392587948,1
1424,-4266.420011086534,-9.467174890779997,2
1425,10587.58002163873,-10.030615875772257,2
1426,15100.579776365472,-12.48514833137456,0
1427,-20759.419499476193,-3.7429886436330033,2
1428,10046.584096218536,29.08780712702296,2
1429,-16892.42004492374,-9.144615576674347,2
1430,16734.581644860304,5.360116456424139,0
1431,16750.58081359421,-2.6734333153978316,0
1432,-51039.41515313332,39.488387855014096,1
1433,-52223.418819943305,4.568391908033292,1
1434,-15228.419959989173,-8.315737717717813,2
1435,-42876.41950091309,-2.40633002311983,1
1436,-10119.4204190666,-12.840431287534875,2
1437,-5423.42000362378,-9.336982998953772,2
1438,-28231.418850903567,3.0467831480625485,1
1439,-13445.41901682219,0.48801469143512144,2
1440,-4191.4198020156955,-7.476322646424292,2
1441,-20221.420141440056,-9.79168728299005,2
1442,-28302.419059996875,1.0555121134025873,1
1443,-13967.420071817085,-9.447113642414958,2
1444,-69072.4167324339,25.344391931258848,1
1445,-16203.417866354472,11.823374328401455,2
1446,-70007.41798780947,13.41674277339986,1
1447,6031.581904025637,8.496071443334914,2
1448,-10731.417687593697,13.249173754738965,2
1449,-20363.42046531642,-12.75820480329401,2
1450,2302.5804652851907,-5.1544295172970696,2
1451,16781.580814385048,-2.6676221439358123,0
1452,-10733.41892730702,1.2034271464294157,2
1453,-21251.419309088004,-1.6814150579862224,2
1454,-14287.419976674624,-8.406642665378484,2
1455,22364.580666853166,-4.256815444455192,0
1456,14602.583971712587,27.565339532511558,0
1457,-27564.41738453087,17.001195818867245,1
1458,-23377.418552525316,5.529022486272265,2
1459,3241.582652916702,15.783643649515687,2
1460,-39818.41878582988,4.2599139619178095,1
1461,-1515.419722764605,-6.753398734444675,2
1462,24276.580876073505,-2.4620349915763367,0
1463,-35331.418811029296,3.790135938117985,1
1464,24418.579932561817,-11.471072578899769,0
1465,14941.580939900461,-1.492298590433228,0
1466,-14484.419953701283,-8.397375058556548,2
1467,-7620.416740484188,21.906272311463024,2
1468,-20394.419836666184,-6.758845490754477,2
1469,-12512.41663109614,23.42010615419177,2
1470,-56482.41963495748,-2.9895761620715846,1
1471,-747.4176284829861,13.186553168859085,2
1472,-19274.418152909737,9.130171472917972,2
1473,-28612.417901410376,12.12321426850119,1
1474,-22343.419826685345,-6.563846711325465,2
1475,-23341.419065991344,0.524749622885653,2
1476,-38656.420363546116,-10.852028840672599,1
1477,4347.582877099388,17.646138080966537,2
1478,-12229.418203875837,8.40019252096176,2
1479,-35385.419961967345,-7.18802869053738,1
1480,-10582.41674571629,22.22774434742773,2
1481,-20443.41992023497,-7.773482202790305,2
1482,-10499.419566598655,-4.804386633484121,2
1483,21038.5831814432,19.916454575983618,0
1484,834.5798555197437,-11.00058950756346,2
1485,18012.579539088158,-14.794046687506864,0
1486,-15724.420375222742,-12.25216004879102,2
1487,-30298.420388618466,-11.738448997079436,1
1488,-5509.420632581868,-15.333149491413812,2
1489,-60999.42013331969,-7.513418617391125,1
1490,5313.580040822236,-9.46176859187425,2
1491,-40124.420040098696,-7.69121915884965,1
1492,2670.5796252502855,-13.187776475530738,2
1493,-18411.419931646873,-7.98622767735265,2
1494,-19006.419728314584,-5.912428916466948,2
1495,21325.58382241762,25.899161807714933,0
1496,-15520.419947883005,-8.288908369754095,2
1497,-14839.419438443712,-3.359703668405479,2
1498,-9897.419790872302,-6.85850366541956,2
1499,-3196.4201218417784,-10.57855357844889,2
1500,-2558.4176287480177,13.392832746846956,2
1501,15305.58061221742,-4.520849880545658,0
1502,-23762.419806350463,-6.413839525986126,2
1503,-58853.41626609466,29.271248807860626,1
1504,2542.58014969926,-8.177613779393237,2
1505,-628.4202410099326,-11.846769235061878,2
1506,-54309.41975190729,-4.2164362761392296,1
1507,-37525.41911198071,1.0308423724819558,1
1508,-13415.4188065337,2.492635123033722,2
1509,32925.58186816819,6.663014846210325,0
1510,19223.58362012183,24.091090661094064,0
1511,-20552.419940524862,-7.741655555016598,2
1512,1203.5823491593007,12.98990366937363,2
1513,-31623.419984060034,-7.590957768010703,1
1514,4404.581070555585,0.6292253369133362,2
1515,3155.580461459596,-5.234679753359778,2
1516,-27428.420006654622,-8.021107303279791,1
1517,-50784.42029543413,-9.582256638166635,1
1518,-38597.41973540133,-4.862092309978835,1
1519,5790.580236204207,-7.518319225169326,2
1520,-17628.419517060185,-4.070796754289844,2
1521,-4906.420007492234,-9.400168442098941,2
1522,16160.581322445163,2.429771492659879,0
1523,-15589.420261733565,-11.279741080846444,2
1524,-25043.419381137082,-2.2913696022469323,1
1525,-32285.419561358078,-3.5242388475352078,1
1526,-17178.420378457653,-12.092314301778059,2
1527,-12090.41996714621,-8.64802105565412,2
1528,-14917.418588606277,4.648595444842584,2
1529,-36103.41891047475,2.880666981879256,1
1530,-25206.41989348551,-7.274807647996778,1
1531,12661.580103336259,-9.240790895833344,2
1532,11797.583034285268,18.868588046096182,2
1533,-25242.420312267426,-11.268447660379499,1
1534,-11891.419978730077,-8.66511352904387,2
1535,-7433.418431611346,5.867485692386042,2
1536,-11574.419655806047,-5.703988161062442,2
1537,-38396.418161665504,10.14046171255201,1
1538,3822.582461063747,13.703695183279184,2
1539,12587.580617015703,-4.232539524556295,2
1540,-4462.419800493734,-7.4479496033109065,2
1541,-52120.41965945488,-3.4462669888633886,1
1542,3068.580041999171,-9.232036985683235,2
1543,-57072.419525933015,-1.9193955145934714,1
1544,1537.5797468256062,-12.073544184816814,2
1545,20498.580071688575,-10.05986447454374,0
1546,-21627.41929557564,-1.6496642408017974,2
1547,-75364.41900421934,3.9931416718929222,1
1548,-49787.41935735422,-0.6834127936602593,1
1549,-8962.419680941546,-5.97371588549498,2
1550,24185.58098133059,-1.4531552308742421,0
1551,-71282.41986607735,-4.438108880162995,1
1552,-45418.41875437975,4.846220387877025,1
1553,-34234.418394531735,7.70600583841252,1
1554,-23225.417304153078,17.54626531760517,2
1555,-14146.419244244331,-1.4259390546417219,2
1556,-2983.419504063198,-4.591941333901986,2
1557,-23223.419590384157,-4.484366097491205,2
1558,-11758.417681825968,13.356698165356843,2
1559,-26049.420003963427,-8.182157528407949,1
1560,-63474.41948997879,-1.2491216326308079,1
1561,-11779.420283130885,-11.67863884565084,2
1562,-9780.41935164325,-2.893758768680746,2
1563,6300.580757070114,-2.5749535825607524,2
1564,-5455.420328148395,-12.32794717611348,2
1565,-11455.420075458454,-9.713856297735106,2
1566,-16258.420057985677,-9.198194699331994,2
1567,-16487.41984817248,-7.1845711881727965,2
1568,-797.4197267969608,-6.828571594058734,2
1569,-39754.417735054754,14.28005014596815,1
1570,-23396.416255732496,27.557691415914714,2
1571,-25040.42000963007,-8.28779738265667,1
1572,7098.58421655587,30.386751066220306,2
1573,-19220.41753613758,15.128246962907753,2
1574,5054.579402369471,-15.436080059428178,2
1575,-29722.420622247428,-13.777044751470184,1
1576,7388.584203526486,30.364004240577398,2
1577,-10914.419450020621,-3.7743839987042627,2
1578,-82707.41948767539,-0.24388222978935378,1
1579,8072.581049955748,0.24519462791004837,2
1580,-5928.419907472826,-8.290072893834116,2
1581,9368.580950296915,-0.8884043870450279,2
1582,-17773.420144721986,-10.05172929344209,2
1583,17352.580391229232,-6.733870381309479,0
1584,1609.5802482843867,-7.072963188229438,2
1585,-38603.41962965667,-3.853055046922184,1
1586,4396.580767763157,-2.375609397734618,2
1587,-38014.41984342154,-5.92248327810449,1
1588,-12925.420495688213,-13.544560845474823,2
1589,-38220.41596298745,31.108432846050135,1
1590,-4138.418772080839,2.5653798229454723,2
1591,-7482.420643368287,-15.115223358176545,2
1592,22388.581728319194,5.763766298390703,0
1593,-16880.419416515,-3.149758259905568,2
1594,17570.580600461897,-4.7489330940109395,0
1595,-13994.417565487292,14.581097430396522,2
1596,-12631.419973609234,-8.57858052643639,2
1597,-25170.419694661905,-5.276129853927559,1
1598,19718.580273195526,-7.980937127557508,0
1599,-16719.41889368908,1.8301468367493936,2
1600,-66913.419576376,-1.8974757461464755,1
1601,-12993.420298337789,-11.558853532208849,2
1602,-7197.419481519782,-4.178477904250269,2
1603,-26070.419794353442,-6.181254316750087,1
1604,5086.579821173848,-11.442021256741198,2
1605,-56002.420056637304,-7.037240123703404,1
1606,-54190.41964527805,-3.2239611461773348,1
1607,-53093.418500819236,7.657535643049871,1
1608,-7438.418126194393,8.879263355756104,2
1609,-74845.41796063879,13.9232696463982,1
1610,-17303.420064482503,-9.09022705724928,2
1611,-45911.4183300754,8.900827278230956,1
1612,-4481.420241238094,-11.432011658824015,2
1613,-24340.41855755279,5.646518519757738,1
1614,-54507.41996044521,-6.213086078201636,1
1615,-1886.4175200496202,14.280898769480547,2
1616,2018.5801412413814,-8.115136778119929,2
1617,-39345.418788486284,4.210392008439466,1
1618,-15435.418907849958,1.714096149883324,2
1619,-34305.41839780731,7.680125350197201,1
1620,-44570.419285581695,-0.26358178282252054,1
1621,-53818.41964736724,-3.262908644473196,1
1622,-27799.418958075745,2.0022015139225804,1
1623,3228.582547120883,14.75792028084166,2
1624,-56094.41974459195,-4.053808322660591,1
1625,-33722.4191307872,0.6382593509432823,1
1626,-28650.41979126463,-5.903519099088895,1
1627,-36700.41859033237,5.946810138863599,1
1628,-14258.41954916208,-4.444142461174866,2
1629,-7742.419792697076,-7.119474569136084,2
1630,-49878.420091188134,-7.697083439082824,1
1631,-6684.420333611861,-12.20071518003496,2
1632,4583.579928744766,-10.390006094700675,2
1633,-28512.420420515795,-11.914081052267294,1
1634,-45657.41875207257,4.880299904876366,1
1635,-55247.41995613142,-6.116934512351579,1
1636,-567.4184676199379,5.1542139953628885,2
1637,-8.418366013311925,6.095040331623289,2
1638,-47689.419684497676,-3.9288573079662084,1
1639,-43473.41834376744,8.645574587786566,1
1640,-29672.419052302826,1.1989477926104677,1
1641,-16549.41849401025,5.835753846155507,2
1642,-21308.419189104705,-0.6690718297327197,2
1643,-23163.41751670271,15.516812285532817,2
1644,-39076.41962812307,-3.8312652493264387,1
1645,-13046.419972243486,-8.544187828689783,2
1646,-22346.41846400527,6.437103834366088,2
1647,-25726.417709249185,13.79202947065798,1
1648,7208.58148519286,4.325446987334808,2
1649,-26629.419593122715,-4.11640833775402,1
1650,-30139.418735442043,4.245898404473197,1
1651,-235.41952061903197,-4.907382428808857,2
1652,-10795.419038654658,0.22894711566542839,2
1653,3535.580880861089,-1.2714738469098485,2
1654,-45793.41948549588,-2.1099839900607247,1
1655,6251.581072548304,0.4372902388271734,2
1656,-37294.41869174242,5.009648217765443,1
1657,-33554.419868469326,-6.389434467350581,1
1658,-42012.419611476354,-3.5051978064395186,1
1659,-32502.42018861553,-9.497633161210837,1
1660,-16826.418690545917,3.8584350407490673,2
1661,-20641.419510605156,-3.7516006133615614,2
1662,-13567.417978178131,10.507109749084544,2
1663,-36599.42006101823,-8.088010270358359,1
1664,-8231.41905560584,-0.04507932959631513,2
1665,-5062.418445892043,5.610190943217942,2
1666,-14357.419543345177,-4.403938321115383,2
1667,372.58037137823135,-5.951715476773526,2
1668,-28395.41989744276,-6.929569262265511,1
1669,-33417.41997398475,-7.403130316551627,1
1670,-50385.4200881829,-7.625326408455713,1
1671,-35660.4197518958,-5.169589090879232,1
1672,-50049.419778541225,-4.686705169968355,1
1673,-17238.420065005423,-9.115707759256036,2
1674,-26007.419792155742,-6.182268403808854,1
1675,-40838.4181506604,10.371875973504794,1
1676,-34462.41891713924,2.7144401197912664,1
1677,-32282.41998035902,-7.521962065384433,1
1678,-37970.41984366865,-5.927089971451313,1
1679,7145.581174825055,1.3486247473393578,2
1680,-48085.41958007919,-2.893626646797821,1
1681,-8727.41926072572,-1.9953288305157502,2
1682,-26280.418441911548,6.84898409860244,1
1683,-19951.42024770242,-10.819307909807623,2
1684,-8030.420107869226,-10.092960371303658,2
1685,-12309.4197810006,-6.639287128068707,2
1686,-51539.41819275707,10.498474313920235,1
1687,-8750.417492901457,15.007158403000536,2
1688,-11254.420296545597,-11.729862728837507,2
1689,-16470.41995301398,-8.185703328246143,2
1690,-59715.42014053077,-7.647850305057488,1
1691,-1352.4188935961072,1.2466079388679063,2
1692,-39940.41857468774,6.280448425078159,1
1693,-52789.420179427834,-8.372985716877768,1
1694,-32302.419459225985,-2.5473639272577198,1
1695,-45249.418542320374,6.8418697166359825,1
1696,-16765.418903897007,1.8387052694953565,2
1697,-49351.41820504508,10.269396017491884,1
1698,959.5802633355606,-7.012525235203438,2
1699,-14317.419441375316,-3.4143558031109627,2
1700,-21154.419405687466,-2.7227956953562567,2
1701,-53325.42028387301,-9.340477317183499,1
1702,-600.4194138231344,-3.8698155322651835,2
1703,1155.5808907109438,-1.0369322724304628,2
1704,-31784.41956432962,-3.5953676927059335,1
1705,-11759.419140538284,-0.6750585625222658,2
1706,-28562.418638587667,5.089199404620305,1
1707,-77149.41889041351,5.170322330127669,1
1708,-52565.41955220971,-2.4003242862345844,1
1709,-8433.419788658484,-7.028453184513172,2
1710,-61699.42023429231,-8.45815795498907,1
1711,-22342.419617198913,-4.565246846341012,2
1712,-50305.41977439412,-4.63564537070007,1
1713,-25726.418445022868,6.790981641462901,1
1714,-74089.41974827636,-3.1691277226665395,1
1715,-19266.420563235995,-13.883500733019067,2
1716,-58336.42004352933,-6.792875981169687,1
1717,-18423.419840009108,-7.006133900708471,2
1718,-20217.418883545313,2.2091780983887968,2
1719,-13633.420073692861,-9.482082632820386,2
1720,-8075.420116307828,-10.056376289169213,2
1721,4417.580756244508,-2.370192575416271,2
1722,-51535.41997968776,-6.5298291344975485,1
1723,3804.580981544865,-0.3058670738241191,2
1724,-41878.418354311696,8.482056890050988,1
1725,-36175.418488534786,6.89119619271018,1
1726,-43561.41813536777,10.656967473127464,1
1727,-7767.419067060909,-0.0804616732411121,2
1728,-21854.419818030903,-6.622659297436523,2
1729,-56000.419637822306,-3.058715753297091,1
1730,-17710.42026028809,-11.053935177767375,2
1731,4020.580560382763,-4.334947671695015,2
1732,12627.580095612462,-9.227906973766878,2
1733,-17435.42036673641,-12.100754652027861,2
1734,-3141.41950429866,-4.603131272766447,2
1735,-1052.4204585870166,-13.797339681124182,2
1736,-50171.42008954262,-7.666407049296029,1
1737,4515.580860440154,-1.3811006565903001,2
1738,-11172.41999416876,-8.732775614818298,2
1739,-42632.41960799437,-3.4402853092797474,1
1740,4562.582865267794,17.608695086797177,2
1741,-18491.4175429411,15.027665210161125,2
1742,-31645.41862127325,5.411982031626068,1
1743,-10667.41778497276,12.202191341059036,2
1744,1436.5823451413626,12.94125191435482,2
1745,-4555.419600945655,-5.435765821929413,2
1746,-39047.41921185336,0.1575257858554579,1
1747,-23045.420136980916,-9.488405856769205,2
1748,-52903.41986725891,-5.387250569161539,1
1749,-38540.419103728855,1.1426922724203379,1
1750,2134.580780466764,-2.1387834806775197,2
1751,-54417.41996079279,-6.203833500484819,1
1752,6971.580952357978,-0.6298288258035759,2
1753,-41991.41824893106,9.493239997426496,1
1754,-12260.419240884057,-1.6254322942811223,2
1755,-20062.41993284097,-7.809629635023735,2
1756,-1394.4189892570585,0.23845562413337612,2
1757,-4778.419086398929,-0.39898458833011785,2
1758,-9100.419680324396,-5.977942979560716,2
1759,-51123.419769800144,-4.550002753479601,1
1760,-51579.41924366698,0.47582538804435204,1
1761,-49644.41977555483,-4.6992686082452,1
1762,-47041.417589542114,16.02365830446525,1
1763,-25462.420528438674,-13.234794551725615,1
1764,-11625.417997933784,10.31698438801694,2
1765,-4927.41896686388,0.6139340206012773,2
1766,-38967.41931178776,-0.8203632214807975,1
1767,-37473.418274304575,9.020216348768681,1
1768,-48593.41926298814,0.15761656568353927,1
1769,-14329.419871692724,-7.402893085903532,2
1770,2752.580567503972,-4.202191145245677,2
1771,-41601.418041629295,11.451112505321994,1
1772,-52607.419135699114,1.577224917285279,1
1773,-5122.419702507351,-6.375754577581301,2
1774,-31008.41872704521,4.351519254626221,1
1775,-34635.41891871917,2.7269709402170896,1
1776,-49991.42009039564,-7.666577253424988,1
1777,-14834.418492241135,5.648582031789802,2
1778,-23098.419915790502,-7.491767794092986,2
1779,-59130.41951549791,-1.7316600589360542,1
1780,-17047.41848332917,5.865639111066477,2
1781,-21001.419938968167,-7.7037031396838085,2
1782,-7541.420317398155,-12.118604828763678,2
1783,-13863.419979213717,-8.46970979719227,2
1784,3828.5799328270436,-10.329634784334834,2
1785,-28673.417485758026,16.09369592964626,1
1786,-24735.419906596955,-7.3203778620759765,1
1787,-34733.4189181688,2.7372313026713764,1
1788,-39992.42004180496,-7.714096035210124,1
1789,-42200.41772402718,14.511883197225186,1
1790,-60928.41971489221,-3.5421183797332367,1
1791,-32797.41766953777,14.532346031007558,1
1792,-61073.41960933186,-2.5275849499236775,1
1793,-8136.418426076651,5.937613152272402,2
1794,-18704.41962622955,-4.95375209947807,2
1795,-81974.41938704597,0.6787267282358864,1
1796,-39147.41910383634,1.1916050445379929,1
1797,-27806.417385881163,17.0022754124789,1
1798,-12922.419344463742,-2.561056640440188,2
1799,-31619.419353054833,-1.5896810104001413,1
1800,-25315.417187827294,18.745760173296905,1
1801,3947.582763975669,16.673731814796366,2
1802,-33153.4190327532,1.5634000548897589,1
1803,-28416.4203049082,-10.932395209704886,1
1804,-37267.419111843075,1.0003554617706705,1
1805,7355.580541495218,-4.70278944743153,2
1806,-16200.41797479166,10.790393938277134,2
1807,-52732.41986295837,-5.375314774639375,1
1808,-23948.418351227196,7.595124836181101,1
1809,-13582.418932208808,1.522125152618882,2
1810,-10443.419882116157,-7.8173633379044976,2
1811,-48761.4183131046,9.208272166333778,1
1812,-24982.418763439306,3.7150298010304055,1
1813,-15398.419024204488,0.7184855297043864,2
1814,-32253.419034291226,1.4838108929853107,1
1815,-3244.419820509788,-7.595986126505887,2
1816,-44897.41791837262,12.795547997309678,1
1817,-20562.41982273538,-6.752346705478128,2
1818,-7646.417487700914,14.883956807610025,2
1819,-20030.420770988865,-15.807798207699852,2
1820,-48766.41989049269,-5.820384441338913,1
1821,-50523.41830672549,9.378110638805522,1
1822,-10851.419772527252,-6.769712585356793,2
1823,-60129.42003345968,-6.6051532272866735,1
1824,-45854.418856677155,3.8925162497607353,1
1825,8372.580116957426,-8.78800064784721,2
1826,-25413.4202197367,-10.271706969141125,1
1827,-8177.4191590685505,-1.0535602160707727,2
1828,-69458.419352591,0.36768414749729217,1
1829,-18173.418999770627,0.9958239716334247,2
1830,-33460.41924052111,-0.40316235181906357,1
1831,-48226.41769018459,15.142790790587737,1
1832,-6179.419906063185,-8.263793802242015,2
1833,3404.5798306201177,-11.265919933801303,2
1834,-19334.419843584168,-6.8788817177024795,2
1835,-32990.420081128854,-8.447188462811278,1
1836,-51431.41903755762,2.4534528491141008,1
1837,-11468.42019059773,-10.70810516627952,2
1838,-43748.419604436196,-3.347700034188022,1
1839,-67346.4187350111,6.151733350851373,1
1840,-2277.419613739118,-5.674266900203539,2
1841,-4442.4182363655245,7.5586216651719695,2
1842,-6198.4205432818135,-14.244720904329375,2
1843,-55102.41995694578,-6.132115660880879,1
1844,-45328.418960860785,2.8527317000240187,1
1845,6500.579917978712,-10.590711348015645,2
1846,-13881.418811831345,2.5507483979598984,2
1847,-38758.41921076703,0.1515254061687818,1
1848,-14213.419243868057,-1.4189243170454242,2
1849,-26436.419685000415,-5.138000862397077,1
1850,-6524.419589887564,-5.229616294659111,2
1851,-63789.4196986667,-3.223903255051127,1
1852,-11344.420100658203,-9.738377132811385,2
1853,-7335.419271252714,-2.1653250761929024,2
1854,-27100.4194743308,-3.075358969563242,1
1855,8067.57990917829,-10.754772449708158,2
1856,-54150.420064486774,-7.225558174340931,1
1857,-58265.41983188451,-4.796023086276454,1
1858,-53335.4182899681,9.681577019017913,1
1859,-7459.41791658441,10.880166567413966,2
1860,-72322.41787006219,14.658469943268615,1
1861,-13560.420399741617,-12.480166928298148,2
1862,-48569.41841989384,8.1797611541292,1
1863,-5020.419923972951,-8.377522821484666,2
1864,-27771.418430986436,7.010670044747352,1
1865,-57448.419943928275,-5.905170506996979,1
1866,-7335.4172799554735,16.850100424014595,2
1867,444.5803595731601,-5.951638230834451,2
1868,-42673.41897928798,2.56012097902043,1
1869,-17028.418691962986,3.874002090880752,2
1870,-31857.41851375003,6.430055262945188,1
1871,-40102.419520166455,-2.730075115237641,1
1872,-55747.419846025834,-5.059651582805973,1
1873,-27459.418959985218,1.9666043380607696,1
1874,1015.5827690413463,16.988320579232138,2
1875,-58927.41972613002,-3.751618229437593,1
1876,-32352.419138481255,0.4948236717354028,1
1877,-31040.4195657986,-3.649005469501798,1
1878,-37612.41848046446,7.041646609514357,1
1879,-17515.41963306496,-5.096912876980929,2
1880,-5503.42001476356,-9.352597004504219,2
1881,-52704.41997057103,-6.401855807845289,1
1882,-7324.420539509607,-14.132413293914421,2
1883,4925.579926824062,-10.425812665714611,2
1884,-29777.420518157458,-12.78099089982641,1
1885,-47688.4188454123,4.093588400582386,1
1886,-51933.41997474316,-6.463902279428158,1
1887,1638.5814126934179,3.918317001051853,2
1888,1225.5818339969567,7.9589662250873765,2
1889,-45794.419485648126,-2.128554652047248,1
1890,-38981.41847629248,7.170338934592892,1
1891,-28760.418952678676,2.102815884520224,1
1892,-13574.418301226086,7.522983119925189,2
1893,-22931.41928728732,-1.504081805294142,2
1894,-26086.417602481368,14.829072879321332,1
1895,-37512.41984639869,-5.993716820851279,1
1896,-11067.419983357739,-8.751384331720727,2
1897,-22078.418253466814,8.413331306774689,2
1898,-25992.41760300928,14.819231307171302,1
1899,9785.581575466207,5.054993615097762,2
1900,-26859.419801323056,-6.091032457819782,1
1901,-25883.41875934414,3.800305520744191,1
1902,-3646.419291970488,-2.5515544342935375,2
1903,-8861.419259008231,-1.9722425590031452,2
1904,2938.5810911544263,0.784153308327689,2
1905,-40765.419304241565,-0.6376988399507348,1
1906,3134.581302097233,2.7679190062129053,2
1907,-38281.41837451279,8.105459708948256,1
1908,-32096.419667165548,-4.54337897069159,1
1909,-40414.41982994291,-5.67120909555054,1
1910,-36726.42006014712,-8.056038318635627,1
1911,-16991.418480127217,5.874414703360165,2
1912,-18557.419627055122,-4.9691426431595005,2
1913,-9391.418208571473,8.07676996911343,2
1914,-32694.42018769511,-9.49620658616911,1
1915,-6187.419171831163,-1.2584334563516875,2
1916,-7679.418326448697,6.883536781058072,2
1917,-16199.41922131378,-1.2186104023977238,2
1918,-429.41941462561493,-3.8690434582095645,2
1919,-24872.419917228264,-7.298418822739497,1
1920,-33727.42018173581,-9.369378630532257,1
1921,-51621.41976700334,-4.497863360599655,1
1922,-33177.41976584057,-5.429553172246508,1
1923,-49976.419985891735,-6.68747079534828,1
1924,-16758.419858209105,-7.167258033206309,2
1925,-23403.419914077593,-7.4598350333934205,2
1926,-41975.4181442749,10.490917117489728,1
1927,-38454.41868777928,5.125515545766579,1
1928,-34648.41986232532,-6.274895319136405,1
1929,-42192.42002944955,-7.483761367869005,1
1930,4588.5812913799155,2.610106870382364,2
1931,-50618.41977279415,-4.6215503889545815,1
1932,-7979.419055434513,-0.07493805485121548,2
1933,-24273.418660123574,4.645733361114456,1
1934,-22032.420131269304,-9.60207997273788,2
1935,-11704.419982489673,-8.708949195563726,2
1936,-11994.420094456225,-9.664741848136416,2
1937,-49652.418308100656,9.301557706606932,1
1938,-13197.41767741873,13.47404396119728,2
1939,-9354.420411962199,-12.928140404639638,2
1940,-17980.420049279695,-9.026962269669541,2
1941,-57512.41994085945,-5.874212642333014,1
1942,-2041.418680234572,3.3174491313366197,2
1943,-39967.41846723856,7.288209401145421,1
1944,-52164.42028768392,-9.437773983198111,1
1945,-34492.41976116478,-5.316133079518016,1
1946,-44073.41833943286,8.717449929745063,1
1947,-13545.418817234808,2.5009313558490636,2
1948,-51840.418088872124,11.523758705362528,1
1949,-1787.4195117449817,-4.726216431194712,2
1950,-18936.41941543457,-2.9307576992706723,2
1951,-23274.41949597585,-3.494607255147253,2
1952,-55892.420059964454,-7.073014076866324,1
1953,-2810.419296665543,-2.639081607883163,2
1954,3593.581086510949,0.7065195996856649,2
1955,-35317.41954703946,-3.2310530167045792,1
1956,-7846.419476752129,-4.082797021502045,2
1957,-27400.418537816036,5.9724749627473,1
1958,-78438.41888317437,5.305277505674355,1
1959,-48525.41978183924,-4.81642519586098,1
1960,-10800.419880111212,-7.779986303249593,2
1961,-59989.42035119339,-9.64212495157229,1
1962,-20336.419837956844,-6.773974746486205,2
1963,-49933.4197764833,-4.674592868995935,1
1964,-26765.418436636228,6.905344283226824,1
1965,-76212.41983854787,-3.940625189729345,1
1966,-17753.42036479262,-12.048785463276875,2
1967,-58619.41993719397,-5.763894285863277,1
1968,-17167.419847062927,-7.13763405624504,2
1969,-21553.418978236714,1.3552836389635115,2
1970,-15757.419849720714,-7.255418558466348,2
1971,-5388.420131398273,-10.337698676053579,2
1972,4888.580753599327,-2.419505133742484,2
1973,-53018.41997135908,-6.374562629194421,1
1974,-91.41920606687556,-1.8966698800387218,2
1975,-43637.41813238943,10.670506349141613,1
1976,-36301.418595124705,5.8994539457807305,1
1977,-39348.418156476844,10.221458445402485,1
1978,-7574.41907069633,-0.10625016565476546,2
1979,-20310.419826702153,-6.784312354879566,2
1980,-56917.41984216441,-4.961412638606783,1
1981,-19604.420249651204,-10.855637968701885,2
1982,5379.580762242537,-2.478527115005673,2
1983,9922.580108252478,-8.950281890746641,2
1984,-17484.420471207246,-13.094976752080978,2
1985,-6366.41938399225,-3.2717111689125913,2
1986,-272.4205677135935,-14.878356071734471,2
1987,-54326.4198567157,-5.232684058188985,1
1988,3492.580866185417,-1.2739950362766783,2
1989,-14387.42008085904,-9.395525189052329,2
1990,-42196.41929620493,-0.4878766086029418,1
1991,7582.582848307188,17.292508407083456,2
1992,-19880.4173256483,17.171794705874746,2
1993,-33284.41861206847,5.583581358795202,1
1994,-7540.418009474815,9.88167931837921,2
1995,2570.582129280665,10.82382030053757,2
1996,-3210.41992273737,-8.574640905576464,2
1997,-34554.41933928098,-1.306650844447734,1
1998,-22986.420137312263,-9.49458301375699,2
1999,-52538.419866757264,-5.419883324191682,1
